District Name,District Code,Subject,M+E #,M+E percentage,E #,E percentage,M #,M percentage,PM #,PM percentage,NM #,NM percentage,No. of Students Included,Part. Rate percentage,Avg. Scaled Score,SGP,Included In SGP
Abby Kelley Foster Charter Public (District),04450000,ELA,         242,33,          26,4,         216,30,         366,50,         120,16,         728,100,     490,          51,         597
Abby Kelley Foster Charter Public (District),04450000,MATH,         223,31,          20,3,         203,28,         376,52,         127,17,         726,100,     490,          52,         596
Abby Kelley Foster Charter Public (District),04450000,SCI,          78,33,           7,3,          71,30,         113,48,          43,18,         234,100,     490,,
Abington,00010000,ELA,         369,36,          48,5,         321,31,         457,45,         195,19,"       1,021",98,     492,          44,         797
Abington,00010000,MATH,         384,38,          44,4,         340,34,         473,47,         157,15,"       1,014",97,     493,          44,         794
Abington,00010000,SCI,         131,40,          19,6,         112,35,         137,42,          56,17,         324,96,     493,,
Academy Of the Pacific Rim Charter Public (District),04120000,ELA,          34,14,           1,0,          33,13,         133,53,          82,33,         249,98,     478,          42,         217
Academy Of the Pacific Rim Charter Public (District),04120000,MATH,          35,14,           3,1,          32,13,         111,45,         102,41,         248,98,     478,          43,         219
Academy Of the Pacific Rim Charter Public (District),04120000,SCI,          12,11,           1,1,          11,10,          64,57,          36,32,         112,98,     479,,
Acton-Boxborough,06000000,ELA,"       1,537",67,         376,16,"       1,161",51,         593,26,         162,7,"       2,292",99,     508,          57,"       1,817"
Acton-Boxborough,06000000,MATH,"       1,578",69,         536,23,"       1,042",45,         558,24,         159,7,"       2,295",99,     511,          64,"       1,824"
Acton-Boxborough,06000000,SCI,         542,70,         158,20,         384,50,         179,23,          52,7,         773,98,     510,,
Acushnet,00030000,ELA,         297,49,          55,9,         242,40,         249,41,          62,10,         608,99,     499,          41,         504
Acushnet,00030000,MATH,         294,48,          47,8,         247,40,         268,44,          48,8,         610,100,     500,          41,         505
Acushnet,00030000,SCI,          80,44,          13,7,          67,37,          77,42,          26,14,         183,99,     496,,
Advanced Math and Science Academy Charter (District),04300000,ELA,         207,49,          36,9,         171,41,         180,43,          35,8,         422,100,     499,          46,         412
Advanced Math and Science Academy Charter (District),04300000,MATH,         196,46,          26,6,         170,40,         194,46,          32,8,         422,100,     499,          45,         412
Advanced Math and Science Academy Charter (District),04300000,SCI,          58,42,          11,8,          47,34,          67,48,          14,10,         139,100,     497,,
Agawam,00050000,ELA,         522,34,          39,3,         483,32,         713,47,         295,19,"       1,530",99,     490,          45,"       1,201"
Agawam,00050000,MATH,         501,33,          55,4,         446,29,         773,50,         258,17,"       1,532",99,     491,          48,"       1,216"
Agawam,00050000,SCI,         205,38,          19,4,         186,34,         237,44,          98,18,         540,99,     491,,
Alma del Mar Charter School (District),04090000,ELA,         214,29,          20,3,         194,26,         352,48,         169,23,         735,100,     487,          50,         613
Alma del Mar Charter School (District),04090000,MATH,         213,29,          22,3,         191,26,         378,52,         142,19,         733,100,     489,          49,         612
Alma del Mar Charter School (District),04090000,SCI,          43,18,           3,1,          40,17,         139,58,          57,24,         239,99,     482,,
Amesbury,00070000,ELA,         303,39,          38,5,         265,34,         322,41,         153,20,         778,99,     492,          49,         604
Amesbury,00070000,MATH,         246,32,          36,5,         210,27,         363,47,         170,22,         779,99,     490,          42,         600
Amesbury,00070000,SCI,         102,38,          18,7,          84,31,         109,41,          56,21,         267,99,     493,,
Amherst,00080000,ELA,         278,53,          76,14,         202,38,         180,34,          68,13,         526,95,     501,          60,         381
Amherst,00080000,MATH,         261,49,          56,10,         205,38,         190,35,          85,16,         536,97,     498,          58,         382
Amherst,00080000,SCI,          76,55,          17,12,          59,43,          39,28,          22,16,         137,98,     501,,
Amherst-Pelham,06050000,ELA,         170,54,          44,14,         126,40,          92,29,          55,17,         317,89,     500,          54,         295
Amherst-Pelham,06050000,MATH,         152,50,          47,15,         105,34,         108,35,          47,15,         307,86,     500,          54,         284
Amherst-Pelham,06050000,SCI,          87,56,          16,10,          71,46,          53,34,          16,10,         156,86,     502,,
Andover,00090000,ELA,"       1,660",65,         439,17,"       1,221",48,         704,28,         194,8,"       2,558",99,     508,          53,"       1,985"
Andover,00090000,MATH,"       1,733",68,         509,20,"       1,224",48,         680,27,         147,6,"       2,560",99,     511,          57,"       2,001"
Andover,00090000,SCI,         559,68,         191,23,         368,45,         205,25,          59,7,         823,99,     511,,
Argosy Collegiate Charter School (District),35090000,ELA,          52,17,           3,1,          49,16,         165,54,          88,29,         305,99,     480,          41,         296
Argosy Collegiate Charter School (District),35090000,MATH,          54,18,           2,1,          52,17,         179,59,          71,23,         304,99,     483,          46,         299
Argosy Collegiate Charter School (District),35090000,SCI,          14,14,           0,0,          14,14,          66,68,          17,18,          97,96,     483,,
Arlington,00100000,ELA,"       2,056",71,         578,20,"       1,478",51,         682,24,         159,5,"       2,897",99,     512,          61,"       2,295"
Arlington,00100000,MATH,"       1,995",69,         519,18,"       1,476",51,         742,26,         157,5,"       2,894",99,     510,          56,"       2,298"
Arlington,00100000,SCI,         737,77,         250,26,         487,51,         191,20,          34,4,         962,98,     515,,
Ashburnham-Westminster,06100000,ELA,         431,40,          47,4,         384,36,         525,49,         123,11,"       1,079",99,     495,          50,         874
Ashburnham-Westminster,06100000,MATH,         429,40,          46,4,         383,35,         524,48,         128,12,"       1,081",99,     496,          50,         870
Ashburnham-Westminster,06100000,SCI,         142,42,          15,4,         127,37,         164,48,          36,11,         342,100,     495,,
Ashland,00140000,ELA,         727,54,         154,11,         573,42,         456,34,         168,12,"       1,351",99,     501,          55,"       1,061"
Ashland,00140000,MATH,         746,55,         216,16,         530,39,         451,33,         154,11,"       1,351",99,     504,          57,"       1,061"
Ashland,00140000,SCI,         226,55,          56,14,         170,41,         136,33,          48,12,         410,98,     502,,
Athol-Royalston,06150000,ELA,         150,20,           9,1,         141,19,         323,44,         259,35,         732,97,     480,          42,         530
Athol-Royalston,06150000,MATH,         149,21,          10,1,         139,19,         350,48,         226,31,         725,96,     482,          44,         527
Athol-Royalston,06150000,SCI,          34,16,           1,0,          33,15,         105,48,          80,37,         219,91,     479,,
Atlantis Charter (District),04910000,ELA,         177,27,          23,4,         154,24,         327,50,         149,23,         653,100,     487,          48,         530
Atlantis Charter (District),04910000,MATH,         161,25,          15,2,         146,22,         323,50,         168,26,         652,100,     485,          45,         529
Atlantis Charter (District),04910000,SCI,          35,16,           5,2,          30,14,         110,51,          71,33,         216,100,     481,,
Attleboro,00160000,ELA,         958,37,         114,4,         844,33,"       1,144",44,         491,19,"       2,593",99,     492,          50,"       1,994"
Attleboro,00160000,MATH,"       1,009",39,         148,6,         861,33,"       1,137",44,         451,17,"       2,597",100,     494,          52,"       1,999"
Attleboro,00160000,SCI,         338,38,          41,5,         297,34,         375,43,         168,19,         881,99,     492,,
Auburn,00170000,ELA,         515,45,          82,7,         433,38,         455,40,         177,15,"       1,147",97,     496,          49,         914
Auburn,00170000,MATH,         465,40,          70,6,         395,34,         540,47,         151,13,"       1,156",98,     496,          48,         929
Auburn,00170000,SCI,         197,47,          32,8,         165,40,         161,39,          59,14,         417,98,     497,,
Avon,00180000,ELA,         107,32,          14,4,          93,28,         145,44,          80,24,         332,99,     488,          43,         262
Avon,00180000,MATH,          93,28,          12,4,          81,24,         157,47,          84,25,         334,98,     487,          41,         266
Avon,00180000,SCI,          29,26,           3,3,          26,23,          56,50,          27,24,         112,99,     486,,
Ayer Shirley School District,06160000,ELA,         327,41,          41,5,         286,35,         365,45,         114,14,         806,98,     495,          48,         612
Ayer Shirley School District,06160000,MATH,         310,39,          25,3,         285,36,         372,46,         119,15,         801,98,     493,          49,         611
Ayer Shirley School District,06160000,SCI,         144,53,          19,7,         125,46,          89,33,          37,14,         270,96,     498,,
Barnstable,00200000,ELA,         560,28,          34,2,         526,26,         887,45,         540,27,"       1,987",98,     485,          40,"       1,452"
Barnstable,00200000,MATH,         538,27,          52,3,         486,24,         962,48,         493,25,"       1,993",99,     487,          42,"       1,472"
Barnstable,00200000,SCI,         178,28,          13,2,         165,26,         281,44,         174,27,         633,98,     485,,
Baystate Academy Charter Public School (District),35020000,ELA,          15,9,           1,1,          14,8,          76,44,          81,47,         172,98,     470,          32,         159
Baystate Academy Charter Public School (District),35020000,MATH,          16,9,           1,1,          15,9,          71,41,          86,50,         173,98,     472,          37,         161
Baystate Academy Charter Public School (District),35020000,SCI,           6,12,           0,0,           6,12,          28,55,          17,33,          51,98,     477,,
Bedford,00230000,ELA,         770,69,         254,23,         516,46,         261,23,          92,8,"       1,123",98,     511,          58,         930
Bedford,00230000,MATH,         751,66,         251,22,         500,44,         273,24,         106,9,"       1,130",98,     511,          51,         940
Bedford,00230000,SCI,         262,70,          89,24,         173,46,          78,21,          36,10,         376,99,     511,,
Belchertown,00240000,ELA,         443,46,          68,7,         375,39,         406,42,         115,12,         964,96,     498,          53,         756
Belchertown,00240000,MATH,         325,34,          21,2,         304,31,         482,50,         159,16,         966,96,     492,          49,         761
Belchertown,00240000,SCI,         136,42,          12,4,         124,38,         149,46,          40,12,         325,96,     495,,
Bellingham,00250000,ELA,         247,28,          24,3,         223,25,         416,47,         223,25,         886,98,     487,          43,         697
Bellingham,00250000,MATH,         292,33,          38,4,         254,28,         408,46,         192,22,         892,99,     490,          46,         701
Bellingham,00250000,SCI,         112,36,          15,5,          97,31,         139,45,          57,19,         308,97,     492,,
Belmont,00260000,ELA,"       1,449",69,         393,19,"       1,056",50,         535,25,         128,6,"       2,112",99,     510,          54,"       1,615"
Belmont,00260000,MATH,"       1,490",71,         530,25,         960,45,         516,24,         105,5,"       2,111",99,     513,          49,"       1,630"
Belmont,00260000,SCI,         568,78,         231,32,         337,46,         128,18,          30,4,         726,99,     517,,
Benjamin Banneker Charter Public (District),04200000,ELA,         149,79,          50,27,          99,53,          38,20,           1,1,         188,100,     518,          63,         138
Benjamin Banneker Charter Public (District),04200000,MATH,         158,84,          54,29,         104,55,          29,15,           1,1,         188,100,     521,          55,         138
Benjamin Banneker Charter Public (District),04200000,SCI,          34,68,          11,22,          23,46,          16,32,           0,0,          50,100,     512,,
Benjamin Franklin Classical Charter Public (District),04470000,ELA,         353,59,          69,12,         284,48,         200,34,          41,7,         594,99,     505,          53,         483
Benjamin Franklin Classical Charter Public (District),04470000,MATH,         347,59,          85,14,         262,44,         218,37,          26,4,         591,99,     506,          53,         482
Benjamin Franklin Classical Charter Public (District),04470000,SCI,         125,64,          30,15,          95,49,          61,31,           9,5,         195,98,     507,,
Berkley,00270000,ELA,         263,49,          34,6,         229,43,         210,39,          62,12,         535,100,     498,          52,         443
Berkley,00270000,MATH,         245,46,          23,4,         222,42,         216,40,          73,14,         534,100,     497,          47,         441
Berkley,00270000,SCI,         116,59,          17,9,          99,50,          67,34,          15,8,         198,100,     502,,
Berkshire Arts and Technology Charter Public (District),04140000,ELA,          79,39,          11,5,          68,33,          87,43,          38,19,         204,100,     491,          47,         187
Berkshire Arts and Technology Charter Public (District),04140000,MATH,          52,26,           5,3,          47,24,         107,54,          41,21,         200,98,     487,          48,         183
Berkshire Arts and Technology Charter Public (District),04140000,SCI,          25,37,           4,6,          21,31,          36,54,           6,9,          67,100,     496,,
Berkshire Hills,06180000,ELA,         194,45,          37,9,         157,36,         178,41,          62,14,         434,93,     497,          51,         324
Berkshire Hills,06180000,MATH,         155,36,          11,3,         144,33,         202,46,          79,18,         436,93,     492,          45,         332
Berkshire Hills,06180000,SCI,          59,39,           7,5,          52,35,          71,47,          20,13,         150,88,     494,,
Berlin-Boylston,06200000,ELA,         294,57,          60,12,         234,46,         174,34,          46,9,         514,100,     504,          52,         396
Berlin-Boylston,06200000,MATH,         306,60,          59,11,         247,48,         161,31,          47,9,         514,100,     504,          51,         399
Berlin-Boylston,06200000,SCI,         102,59,          17,10,          85,49,          54,31,          17,10,         173,100,     504,,
Beverly,00300000,ELA,         932,45,         144,7,         788,38,         777,38,         360,17,"       2,069",99,     495,          46,"       1,641"
Beverly,00300000,MATH,"       1,056",51,         208,10,         848,41,         718,35,         297,14,"       2,071",99,     500,          49,"       1,645"
Beverly,00300000,SCI,         282,43,          39,6,         243,37,         256,39,         119,18,         657,95,     493,,
Billerica,00310000,ELA,"       1,048",45,         135,6,         913,39,         955,41,         343,15,"       2,346",99,     496,          48,"       1,841"
Billerica,00310000,MATH,"       1,062",45,         161,7,         901,38,         968,41,         317,14,"       2,347",99,     497,          47,"       1,848"
Billerica,00310000,SCI,         340,45,          44,6,         296,39,         326,43,          95,12,         761,99,     496,,
Blackstone-Millville,06220000,ELA,         261,38,          23,3,         238,35,         300,44,         124,18,         685,99,     492,          46,         553
Blackstone-Millville,06220000,MATH,         256,37,          31,5,         225,33,         344,50,          84,12,         684,99,     494,          47,         551
Blackstone-Millville,06220000,SCI,         107,46,          11,5,          96,42,          92,40,          32,14,         231,99,     495,,
Boston,00350000,ELA,"       5,184",29,"       1,014",6,"       4,170",24,"       6,831",39,"       5,695",32,"      17,710",98,     486,          49,"      12,618"
Boston,00350000,MATH,"       4,925",28,"       1,041",6,"       3,884",22,"       7,035",40,"       5,832",33,"      17,792",99,     486,          50,"      12,832"
Boston,00350000,SCI,"       1,280",22,         209,4,"       1,071",19,"       2,470",43,"       2,006",35,"       5,756",97,     482,,
Boston Collegiate Charter (District),04490000,ELA,         195,51,          34,9,         161,42,         151,39,          38,10,         384,99,     499,          53,         348
Boston Collegiate Charter (District),04490000,MATH,         217,56,          39,10,         178,46,         134,35,          35,9,         386,100,     502,          66,         348
Boston Collegiate Charter (District),04490000,SCI,         104,54,          16,8,          88,45,          73,38,          17,9,         194,99,     500,,
Boston Green Academy Horace Mann Charter School (District),04110000,ELA,          20,16,           2,2,          18,14,          50,40,          56,44,         126,96,     477,          42,         123
Boston Green Academy Horace Mann Charter School (District),04110000,MATH,          16,13,           4,3,          12,9,          55,43,          57,45,         128,98,     476,          47,         125
Boston Green Academy Horace Mann Charter School (District),04110000,SCI,           7,11,           0,0,           7,11,          42,66,          15,23,          64,97,     480,,
Boston Preparatory Charter Public (District),04160000,ELA,          51,18,           2,1,          49,17,         144,50,          91,32,         286,97,     480,          44,         265
Boston Preparatory Charter Public (District),04160000,MATH,          41,14,           0,0,          41,14,         153,52,          99,34,         293,99,     477,          45,         270
Boston Preparatory Charter Public (District),04160000,SCI,          21,19,           0,0,          21,19,          57,51,          33,30,         111,98,     481,,
Boston Renaissance Charter Public (District),04810000,ELA,         102,24,           7,2,          95,22,         196,46,         126,30,         424,100,     483,          46,         295
Boston Renaissance Charter Public (District),04810000,MATH,          82,19,           8,2,          74,17,         200,47,         142,33,         424,100,     482,          50,         293
Boston Renaissance Charter Public (District),04810000,SCI,          29,30,           2,2,          27,28,          46,47,          22,23,          97,100,     486,,
Bourne,00360000,ELA,         242,32,          21,3,         221,30,         373,50,         132,18,         747,99,     491,          53,         590
Bourne,00360000,MATH,         224,30,          17,2,         207,28,         406,54,         118,16,         748,99,     490,          54,         590
Bourne,00360000,SCI,          77,31,          12,5,          65,26,         130,52,          43,17,         250,97,     491,,
Boxford,00380000,ELA,         224,55,          27,7,         197,48,         166,40,          21,5,         411,99,     502,          50,         296
Boxford,00380000,MATH,         233,57,          37,9,         196,48,         154,38,          23,6,         410,99,     504,          58,         298
Boxford,00380000,SCI,          66,62,          17,16,          49,46,          38,36,           3,3,         107,99,     506,,
Braintree,00400000,ELA,"       1,271",52,         230,9,"       1,041",42,         904,37,         290,12,"       2,465",99,     500,          50,"       1,895"
Braintree,00400000,MATH,"       1,404",57,         297,12,"       1,107",45,         823,33,         241,10,"       2,468",99,     504,          54,"       1,909"
Braintree,00400000,SCI,         470,59,         116,15,         354,44,         253,32,          77,10,         800,99,     504,,
Brewster,00410000,ELA,          97,50,          12,6,          85,44,          82,42,          16,8,         195,98,     499,          45,         119
Brewster,00410000,MATH,         107,55,          16,8,          91,47,          65,34,          22,11,         194,97,     502,          54,         120
Brewster,00410000,SCI,          41,60,           7,10,          34,50,          18,26,           9,13,          68,100,     503,,
Bridge Boston Charter School (District),04170000,ELA,          62,33,           2,1,          60,32,         102,55,          23,12,         187,100,     490,          56,         144
Bridge Boston Charter School (District),04170000,MATH,          65,35,           2,1,          63,34,         103,55,          19,10,         187,100,     494,          58,         144
Bridge Boston Charter School (District),04170000,SCI,          10,18,           1,2,           9,16,          26,46,          20,36,          56,100,     479,,
Bridgewater-Raynham,06250000,ELA,         990,36,         101,4,         889,32,"       1,287",47,         472,17,"       2,749",99,     492,          44,"       2,157"
Bridgewater-Raynham,06250000,MATH,"       1,081",39,         117,4,         964,35,"       1,291",47,         376,14,"       2,748",99,     494,          46,"       2,161"
Bridgewater-Raynham,06250000,SCI,         303,34,          19,2,         284,32,         433,49,         155,17,         891,99,     490,,
Brimfield,00430000,ELA,          72,52,           9,7,          63,46,          59,43,           7,5,         138,100,     503,          52,         102
Brimfield,00430000,MATH,          96,70,          14,10,          82,59,          39,28,           3,2,         138,100,     508,          67,         104
Brimfield,00430000,SCI,          31,69,           4,9,          27,60,          11,24,           3,7,          45,100,     505,,
Brockton,00440000,ELA,"       1,328",21,         115,2,"       1,213",19,"       2,647",41,"       2,406",38,"       6,381",99,     480,          48,"       4,486"
Brockton,00440000,MATH,"       1,184",19,         112,2,"       1,072",17,"       2,766",43,"       2,430",38,"       6,380",99,     480,          49,"       4,569"
Brockton,00440000,SCI,         375,18,          24,1,         351,17,         913,44,         785,38,"       2,073",98,     479,,
Brooke Charter School (District),04280000,ELA,         744,65,         189,17,         555,49,         346,30,          47,4,"       1,137",100,     509,          65,         897
Brooke Charter School (District),04280000,MATH,         797,70,         213,19,         584,51,         289,25,          49,4,"       1,135",100,     511,          64,         896
Brooke Charter School (District),04280000,SCI,         231,62,          57,15,         174,46,         121,32,          23,6,         375,100,     506,,
Brookfield,00450000,ELA,          72,45,           5,3,          67,42,          80,50,           8,5,         160,100,     498,          44,         117
Brookfield,00450000,MATH,          83,52,          16,10,          67,42,          63,40,          13,8,         159,100,     502,          62,         118
Brookfield,00450000,SCI,          27,73,           7,19,          20,54,           9,24,           1,3,          37,97,     510,,
Brookline,00460000,ELA,"       2,024",69,         567,19,"       1,457",50,         704,24,         192,7,"       2,920",99,     510,          60,"       2,225"
Brookline,00460000,MATH,"       2,067",71,         679,23,"       1,388",48,         651,22,         201,7,"       2,919",99,     512,          61,"       2,275"
Brookline,00460000,SCI,         648,68,         185,20,         463,49,         229,24,          70,7,         947,99,     509,,
Burlington,00480000,ELA,         879,52,         148,9,         731,43,         610,36,         206,12,"       1,695",99,     500,          53,"       1,321"
Burlington,00480000,MATH,         904,53,         177,10,         727,43,         606,36,         186,11,"       1,696",99,     501,          49,"       1,325"
Burlington,00480000,SCI,         254,46,          29,5,         225,40,         224,40,          79,14,         557,98,     496,,
Cambridge,00490000,ELA,"       1,601",58,         475,17,"       1,126",41,         799,29,         341,12,"       2,741",98,     505,          56,"       1,991"
Cambridge,00490000,MATH,"       1,541",56,         458,17,"       1,083",39,         835,30,         368,13,"       2,744",98,     504,          54,"       2,036"
Cambridge,00490000,SCI,         464,54,         128,15,         336,39,         260,30,         133,16,         857,97,     501,,
Canton,00500000,ELA,         873,58,         164,11,         709,47,         486,33,         134,9,"       1,493",99,     503,          52,"       1,169"
Canton,00500000,MATH,         906,61,         192,13,         714,48,         461,31,         124,8,"       1,491",99,     506,          54,"       1,180"
Canton,00500000,SCI,         289,59,          62,13,         227,46,         169,34,          34,7,         492,99,     503,,
Cape Cod Lighthouse Charter (District),04320000,ELA,         133,54,          27,11,         106,43,          91,37,          24,10,         248,98,     501,          53,         227
Cape Cod Lighthouse Charter (District),04320000,MATH,          83,33,          10,4,          73,29,         126,51,          39,16,         248,99,     493,          38,         227
Cape Cod Lighthouse Charter (District),04320000,SCI,          32,38,           1,1,          31,37,          44,52,           8,10,          84,100,     495,,
Carlisle,00510000,ELA,         320,78,          89,22,         231,56,          81,20,          11,3,         412,100,     514,          60,         321
Carlisle,00510000,MATH,         315,76,         107,26,         208,50,          83,20,          15,4,         413,100,     515,          57,         321
Carlisle,00510000,SCI,         113,84,          33,24,          80,59,          17,13,           5,4,         135,100,     516,,
Carver,00520000,ELA,         222,32,           6,1,         216,31,         352,51,         118,17,         692,97,     491,          44,         530
Carver,00520000,MATH,         268,39,          20,3,         248,36,         338,49,          82,12,         688,96,     495,          52,         528
Carver,00520000,SCI,          84,36,           4,2,          80,34,         121,52,          29,12,         234,89,     493,,
Central Berkshire,06350000,ELA,         321,46,          63,9,         258,37,         270,39,         108,15,         699,98,     497,          52,         560
Central Berkshire,06350000,MATH,         304,43,          50,7,         254,36,         303,43,          94,13,         701,98,     497,          54,         562
Central Berkshire,06350000,SCI,         122,48,          17,7,         105,41,         102,40,          30,12,         254,99,     497,,
Chelmsford,00560000,ELA,"       1,354",57,         281,12,"       1,073",45,         762,32,         256,11,"       2,372",99,     503,          54,"       1,892"
Chelmsford,00560000,MATH,"       1,209",51,         285,12,         924,39,         912,38,         256,11,"       2,377",99,     501,          48,"       1,899"
Chelmsford,00560000,SCI,         462,60,         104,13,         358,46,         246,32,          68,9,         776,99,     504,,
Chelsea,00570000,ELA,         458,18,          27,1,         431,17,"       1,080",43,         980,39,"       2,518",99,     478,          49,"       1,828"
Chelsea,00570000,MATH,         506,20,          74,3,         432,17,"       1,077",43,         935,37,"       2,518",99,     481,          42,"       1,842"
Chelsea,00570000,SCI,         107,14,           8,1,          99,13,         378,48,         303,38,         788,99,     477,,
Chesterfield-Goshen,06320000,ELA,          27,40,           0,0,          27,40,          30,45,          10,15,          67,99,     493,          57,          43
Chesterfield-Goshen,06320000,MATH,          34,51,           5,7,          29,43,          27,40,           6,9,          67,99,     499,          62,          43
Chesterfield-Goshen,06320000,SCI,           8,50,           3,19,           5,31,           5,31,           3,19,          16,94,     500,,
Chicopee,00610000,ELA,         774,27,          69,2,         705,24,"       1,395",48,         726,25,"       2,895",99,     486,          46,"       2,218"
Chicopee,00610000,MATH,         774,27,          65,2,         709,25,"       1,441",50,         673,23,"       2,888",99,     487,          48,"       2,225"
Chicopee,00610000,SCI,         298,29,          28,3,         270,26,         465,45,         263,26,"       1,026",99,     487,,
Christa McAuliffe Charter School (District),04180000,ELA,         107,39,          35,13,          72,26,         104,38,          63,23,         274,99,     494,          61,         251
Christa McAuliffe Charter School (District),04180000,MATH,          64,23,           8,3,          56,20,         146,53,          65,24,         275,99,     485,          55,         254
Christa McAuliffe Charter School (District),04180000,SCI,          26,28,           3,3,          23,25,          46,50,          20,22,          92,98,     487,,
Clarksburg,00630000,ELA,          39,29,           1,1,          38,28,          77,57,          18,13,         134,100,     490,          42,         103
Clarksburg,00630000,MATH,          32,24,           2,1,          30,22,          84,63,          18,13,         134,100,     489,          38,         103
Clarksburg,00630000,SCI,          11,29,           0,0,          11,29,          23,61,           4,11,          38,100,     491,,
Clinton,00640000,ELA,         256,30,          13,2,         243,28,         383,45,         221,26,         860,98,     486,          46,         659
Clinton,00640000,MATH,         278,32,          39,4,         239,27,         409,47,         183,21,         870,99,     490,          46,         675
Clinton,00640000,SCI,          65,23,           6,2,          59,21,         142,50,          78,27,         285,100,     483,,
Codman Academy Charter Public (District),04380000,ELA,          15,12,           0,0,          15,12,          69,54,          44,34,         128,98,     477,          46,         103
Codman Academy Charter Public (District),04380000,MATH,           7,5,           0,0,           7,5,          61,47,          61,47,         129,99,     472,          33,         104
Codman Academy Charter Public (District),04380000,SCI,           0,0,           0,0,           0,0,          19,53,          17,47,          36,92,     469,,
Cohasset,00650000,ELA,         471,73,         132,20,         339,52,         140,22,          37,6,         648,100,     511,          62,         497
Cohasset,00650000,MATH,         445,69,          79,12,         366,56,         162,25,          41,6,         648,100,     509,          55,         499
Cohasset,00650000,SCI,         128,61,          16,8,         112,53,          67,32,          16,8,         211,100,     504,,
Collegiate Charter School of Lowell (District),35030000,ELA,         168,27,          26,4,         142,23,         305,48,         158,25,         631,99,     486,          53,         508
Collegiate Charter School of Lowell (District),35030000,MATH,         126,20,          15,2,         111,18,         348,55,         160,25,         634,100,     483,          44,         510
Collegiate Charter School of Lowell (District),35030000,SCI,          45,22,           6,3,          39,19,          97,47,          64,31,         206,100,     481,,
Community Charter School of Cambridge (District),04360000,ELA,          73,57,          19,15,          54,42,          42,33,          14,11,         129,98,     502,          49,         121
Community Charter School of Cambridge (District),04360000,MATH,          59,47,           7,6,          52,41,          57,45,          10,8,         126,98,     499,          47,         119
Community Charter School of Cambridge (District),04360000,SCI,          16,33,           4,8,          12,24,          27,55,           6,12,          49,100,     494,,
Community Day Charter Public School (District),04400000,ELA,         296,43,          32,5,         264,38,         290,42,         103,15,         689,100,     494,          53,         564
Community Day Charter Public School (District),04400000,MATH,         333,48,          47,7,         286,41,         282,41,          75,11,         690,100,     499,          51,         565
Community Day Charter Public School (District),04400000,SCI,          98,43,          11,5,          87,38,          91,40,          41,18,         230,100,     493,,
Concord,00670000,ELA,         936,73,         277,22,         659,52,         267,21,          76,6,"       1,279",99,     512,          55,"       1,016"
Concord,00670000,MATH,         879,69,         199,16,         680,53,         318,25,          84,7,"       1,281",99,     509,          49,"       1,020"
Concord,00670000,SCI,         322,76,          86,20,         236,56,          76,18,          25,6,         423,99,     512,,
Conservatory Lab Charter (District),04390000,ELA,          95,38,          13,5,          82,33,         120,48,          36,14,         251,100,     494,          51,         199
Conservatory Lab Charter (District),04390000,MATH,          76,30,          11,4,          65,26,         131,52,          45,18,         252,100,     490,          58,         199
Conservatory Lab Charter (District),04390000,SCI,          18,24,           2,3,          16,21,          41,55,          16,21,          75,99,     485,,
Conway,00680000,ELA,          52,66,           5,6,          47,59,          24,30,           3,4,          79,98,     505,          57,          60
Conway,00680000,MATH,          46,58,           5,6,          41,52,          32,41,           1,1,          79,98,     504,          56,          60
Conway,00680000,SCI,          15,60,           2,8,          13,52,           9,36,           1,4,          25,100,     505,,
Danvers,00710000,ELA,         570,37,          51,3,         519,33,         690,44,         301,19,"       1,561",98,     491,          42,"       1,231"
Danvers,00710000,MATH,         587,38,          78,5,         509,33,         725,47,         243,16,"       1,555",98,     494,          43,"       1,226"
Danvers,00710000,SCI,         208,41,          21,4,         187,37,         206,40,          97,19,         511,97,     492,,
Dartmouth,00720000,ELA,         826,51,         120,7,         706,44,         597,37,         182,11,"       1,605",99,     500,          52,"       1,262"
Dartmouth,00720000,MATH,         870,54,         132,8,         738,46,         589,37,         138,9,"       1,597",98,     502,          53,"       1,257"
Dartmouth,00720000,SCI,         242,45,          31,6,         211,40,         223,42,          69,13,         534,98,     496,,
Dedham,00730000,ELA,         546,45,          74,6,         472,39,         515,42,         158,13,"       1,219",99,     496,          49,         926
Dedham,00730000,MATH,         562,46,          92,8,         470,38,         512,42,         149,12,"       1,223",99,     499,          55,         930
Dedham,00730000,SCI,         168,41,          26,6,         142,34,         184,45,          61,15,         413,99,     494,,
Deerfield,00740000,ELA,          78,46,          12,7,          66,39,          69,41,          21,13,         168,99,     497,          52,         125
Deerfield,00740000,MATH,          83,49,          11,7,          72,43,          64,38,          21,13,         168,99,     497,          53,         125
Deerfield,00740000,SCI,          20,34,           2,3,          18,31,          29,49,          10,17,          59,100,     490,,
Dennis-Yarmouth,06450000,ELA,         447,33,          67,5,         380,28,         584,43,         337,25,"       1,368",98,     489,          48,"       1,043"
Dennis-Yarmouth,06450000,MATH,         448,33,          49,4,         399,29,         612,45,         307,22,"       1,367",98,     489,          46,"       1,056"
Dennis-Yarmouth,06450000,SCI,         158,34,          13,3,         145,31,         203,44,         101,22,         462,96,     489,,
Dighton-Rehoboth,06500000,ELA,         554,44,          61,5,         493,40,         548,44,         144,12,"       1,246",99,     496,          51,"       1,011"
Dighton-Rehoboth,06500000,MATH,         495,40,          57,5,         438,35,         609,49,         140,11,"       1,244",99,     495,          51,"       1,008"
Dighton-Rehoboth,06500000,SCI,         212,52,          29,7,         183,45,         162,40,          31,8,         405,100,     500,,
Douglas,00770000,ELA,         234,43,          35,7,         199,37,         229,43,          75,14,         538,99,     496,          50,         439
Douglas,00770000,MATH,         215,40,          22,4,         193,36,         269,50,          55,10,         539,100,     495,          53,         439
Douglas,00770000,SCI,          83,40,           6,3,          77,37,          96,46,          29,14,         208,100,     495,,
Dover,00780000,ELA,         178,69,          28,11,         150,58,          70,27,          11,4,         259,99,     509,          54,         160
Dover,00780000,MATH,         187,72,          50,19,         137,53,          68,26,           5,2,         260,100,     513,          48,         160
Dover,00780000,SCI,          77,78,          23,23,          54,55,          19,19,           3,3,          99,99,     514,,
Dover-Sherborn,06550000,ELA,         329,70,          69,15,         260,55,         115,25,          25,5,         469,98,     509,          52,         449
Dover-Sherborn,06550000,MATH,         335,72,          93,20,         242,52,         111,24,          22,5,         468,98,     512,          53,         451
Dover-Sherborn,06550000,SCI,         118,72,          18,11,         100,61,          42,25,           5,3,         165,98,     509,,
Dracut,00790000,ELA,         753,41,          99,5,         654,36,         783,43,         294,16,"       1,830",99,     494,          49,"       1,434"
Dracut,00790000,MATH,         722,39,          96,5,         626,34,         846,46,         270,15,"       1,838",99,     494,          48,"       1,441"
Dracut,00790000,SCI,         196,34,          17,3,         179,31,         297,51,          86,15,         579,99,     491,,
Dudley Street Neighborhood Charter School (District),04070000,ELA,          26,23,           2,2,          24,21,          58,50,          31,27,         115,100,     483,          50,          79
Dudley Street Neighborhood Charter School (District),04070000,MATH,          17,15,           3,3,          14,12,          53,46,          45,39,         115,100,     477,          45,          79
Dudley Street Neighborhood Charter School (District),04070000,SCI,           9,26,           1,3,           8,24,          20,59,           5,15,          34,100,     488,,
Dudley-Charlton Reg,06580000,ELA,         631,37,          56,3,         575,34,         777,46,         294,17,"       1,702",99,     492,          47,"       1,368"
Dudley-Charlton Reg,06580000,MATH,         537,32,          51,3,         486,29,         866,51,         289,17,"       1,692",99,     491,          43,"       1,362"
Dudley-Charlton Reg,06580000,SCI,         222,40,          19,3,         203,36,         249,45,          88,16,         559,99,     493,,
Duxbury,00820000,ELA,         812,66,         177,14,         635,52,         352,29,          59,5,"       1,223",100,     508,          54,"       1,000"
Duxbury,00820000,MATH,         754,62,         137,11,         617,50,         400,33,          69,6,"       1,223",100,     506,          50,         999
Duxbury,00820000,SCI,         261,65,          45,11,         216,54,         120,30,          20,5,         401,99,     506,,
East Bridgewater,00830000,ELA,         336,36,          22,2,         314,34,         435,47,         163,17,         934,99,     491,          41,         759
East Bridgewater,00830000,MATH,         314,33,          38,4,         276,29,         468,50,         158,17,         940,99,     491,          42,         759
East Bridgewater,00830000,SCI,         151,47,          13,4,         138,43,         126,39,          43,13,         320,99,     496,,
East Longmeadow,00870000,ELA,         518,45,          61,5,         457,39,         482,41,         164,14,"       1,164",99,     496,          54,         939
East Longmeadow,00870000,MATH,         542,46,          76,7,         466,40,         471,40,         153,13,"       1,166",99,     498,          54,         939
East Longmeadow,00870000,SCI,         195,49,          36,9,         159,40,         151,38,          52,13,         398,99,     498,,
Eastham,00850000,ELA,          54,59,           5,5,          49,53,          34,37,           4,4,          92,99,     502,          49,          50
Eastham,00850000,MATH,          54,57,           6,6,          48,51,          36,38,           4,4,          94,100,     503,          39,          50
Eastham,00850000,SCI,          18,64,           2,7,          16,57,           8,29,           2,7,          28,100,     504,,
Easthampton,00860000,ELA,         203,31,          16,2,         187,29,         305,47,         143,22,         651,96,     488,          40,         526
Easthampton,00860000,MATH,         228,35,          16,2,         212,33,         304,47,         118,18,         650,96,     491,          46,         531
Easthampton,00860000,SCI,          79,36,           7,3,          72,33,         105,48,          33,15,         217,94,     492,,
Easton,00880000,ELA,         834,54,         125,8,         709,46,         556,36,         151,10,"       1,541",99,     501,          51,"       1,224"
Easton,00880000,MATH,         893,58,         164,11,         729,47,         543,35,         101,7,"       1,537",99,     504,          54,"       1,222"
Easton,00880000,SCI,         291,57,          50,10,         241,47,         190,37,          30,6,         511,98,     503,,
Edgartown,00890000,ELA,         101,41,          12,5,          89,36,          97,40,          46,19,         244,100,     493,          55,         193
Edgartown,00890000,MATH,          93,38,          12,5,          81,33,         106,43,          45,18,         244,100,     492,          67,         193
Edgartown,00890000,SCI,          46,58,           6,8,          40,51,          25,32,           8,10,          79,99,     503,,
Erving,00910000,ELA,          20,32,           0,0,          20,32,          35,56,           7,11,          62,100,     491,          49,          46
Erving,00910000,MATH,          14,23,           0,0,          14,23,          35,56,          13,21,          62,100,     487,          46,          46
Erving,00910000,SCI,           7,41,           0,0,           7,41,           9,53,           1,6,          17,100,     495,,
Everett,00930000,ELA,         624,21,          42,1,         582,20,"       1,288",43,"       1,066",36,"       2,978",100,     480,          51,"       2,214"
Everett,00930000,MATH,         551,19,          61,2,         490,16,"       1,476",50,         946,32,"       2,973",100,     482,          47,"       2,230"
Everett,00930000,SCI,         222,22,          15,1,         207,20,         437,43,         366,36,"       1,025",99,     481,,
Excel Academy Charter (District),04100000,ELA,         385,55,          89,13,         296,43,         233,34,          76,11,         694,100,     502,          71,         670
Excel Academy Charter (District),04100000,MATH,         333,48,          68,10,         265,38,         293,42,          67,10,         693,100,     500,          70,         668
Excel Academy Charter (District),04100000,SCI,         113,33,          10,3,         103,30,         178,52,          53,15,         344,100,     490,,
Fairhaven,00940000,ELA,         346,45,          42,5,         304,39,         319,41,         112,14,         777,99,     495,          43,         626
Fairhaven,00940000,MATH,         347,45,          50,6,         297,39,         325,42,          99,13,         771,98,     498,          45,         622
Fairhaven,00940000,SCI,         130,48,          18,7,         112,41,         109,40,          34,12,         273,99,     496,,
Fall River,00950000,ELA,         960,19,          89,2,         871,17,"       2,173",43,"       1,871",37,"       5,004",99,     479,          46,"       3,477"
Fall River,00950000,MATH,         912,18,          87,2,         825,16,"       2,293",46,"       1,809",36,"       5,014",99,     480,          45,"       3,527"
Fall River,00950000,SCI,         296,18,          24,1,         272,16,         727,43,         666,39,"       1,689",98,     478,,
Falmouth,00960000,ELA,         608,44,          91,7,         517,37,         543,39,         246,18,"       1,397",99,     495,          48,"       1,073"
Falmouth,00960000,MATH,         607,43,         104,7,         503,36,         579,41,         212,15,"       1,398",99,     496,          46,"       1,076"
Falmouth,00960000,SCI,         193,43,          24,5,         169,38,         189,42,          67,15,         449,96,     495,,
Farmington River Reg,06620000,ELA,          26,41,           5,8,          21,33,          32,51,           5,8,          63,98,     498,          64,          45
Farmington River Reg,06620000,MATH,          23,37,           1,2,          22,35,          36,57,           4,6,          63,98,     495,          54,          45
Farmington River Reg,06620000,SCI,           8,50,           2,13,           6,38,           6,38,           2,13,          16,100,     499,,
Fitchburg,00970000,ELA,         624,26,          74,3,         550,23,         987,41,         811,33,"       2,422",99,     482,          45,"       1,751"
Fitchburg,00970000,MATH,         551,23,          59,2,         492,20,"       1,104",46,         760,31,"       2,415",99,     483,          43,"       1,754"
Fitchburg,00970000,SCI,         163,20,          21,3,         142,18,         329,41,         319,39,         811,98,     479,,
Florida,00980000,ELA,          17,33,           0,0,          17,33,          24,46,          11,21,          52,100,     488,          45,          45
Florida,00980000,MATH,           9,18,           0,0,           9,18,          33,65,           9,18,          51,100,     484,          42,          44
Florida,00980000,SCI,           8,44,           0,0,           8,44,          10,56,           0,0,          18,100,     498,,
Four Rivers Charter Public (District),04130000,ELA,          27,40,           7,10,          20,29,          32,47,           9,13,          68,89,     495,          45,          57
Four Rivers Charter Public (District),04130000,MATH,          19,26,           2,3,          17,24,          44,61,           9,13,          72,95,     491,          43,          61
Four Rivers Charter Public (District),04130000,SCI,          16,46,           2,6,          14,40,          13,37,           6,17,          35,92,     493,,
Foxborough,00990000,ELA,         572,52,          93,8,         479,43,         423,38,         114,10,"       1,109",99,     500,          52,         880
Foxborough,00990000,MATH,         646,58,         119,11,         527,47,         380,34,          86,8,"       1,112",99,     504,          52,         882
Foxborough,00990000,SCI,         178,48,          19,5,         159,43,         146,39,          47,13,         371,98,     497,,
Foxborough Regional Charter (District),04460000,ELA,         195,26,          16,2,         179,24,         363,49,         184,25,         742,100,     486,          45,         577
Foxborough Regional Charter (District),04460000,MATH,         159,21,          15,2,         144,19,         395,53,         187,25,         741,100,     485,          50,         577
Foxborough Regional Charter (District),04460000,SCI,          56,24,           4,2,          52,22,         114,49,          64,27,         234,99,     484,,
Framingham,01000000,ELA,         978,25,         139,4,         839,22,"       1,370",36,"       1,508",39,"       3,856",99,     480,          49,"       2,863"
Framingham,01000000,MATH,         820,21,          95,2,         725,19,"       1,625",42,"       1,410",37,"       3,855",99,     481,          51,"       2,886"
Framingham,01000000,SCI,         305,25,          49,4,         256,21,         458,37,         478,39,"       1,241",98,     481,,
Francis W. Parker Charter Essential (District),04780000,ELA,          68,51,          10,8,          58,44,          53,40,          12,9,         133,96,     500,          39,         110
Francis W. Parker Charter Essential (District),04780000,MATH,          66,50,          10,8,          56,42,          57,43,          10,8,         133,96,     499,          44,         110
Francis W. Parker Charter Essential (District),04780000,SCI,          45,65,           7,10,          38,55,          23,33,           1,1,          69,99,     506,,
Franklin,01010000,ELA,"       1,176",57,         233,11,         943,46,         659,32,         212,10,"       2,047",99,     503,          53,"       1,623"
Franklin,01010000,MATH,"       1,219",59,         293,14,         926,45,         639,31,         191,9,"       2,049",99,     505,          51,"       1,630"
Franklin,01010000,SCI,         384,55,          64,9,         320,46,         244,35,          64,9,         692,99,     501,,
Freetown-Lakeville,06650000,ELA,         583,43,          65,5,         518,38,         604,44,         176,13,"       1,363",99,     495,          45,"       1,108"
Freetown-Lakeville,06650000,MATH,         700,52,          95,7,         605,45,         549,40,         109,8,"       1,358",99,     501,          49,"       1,102"
Freetown-Lakeville,06650000,SCI,         226,51,          39,9,         187,42,         172,39,          48,11,         446,98,     500,,
Frontier,06700000,ELA,          79,36,           6,3,          73,33,          88,40,          54,24,         221,97,     488,          41,         210
Frontier,06700000,MATH,          83,37,          11,5,          72,32,         108,49,          31,14,         222,97,     493,          48,         211
Frontier,06700000,SCI,          50,42,           9,8,          41,35,          54,46,          14,12,         118,98,     496,,
Gardner,01030000,ELA,         203,20,          14,1,         189,18,         446,43,         389,37,"       1,038",98,     479,          39,         759
Gardner,01030000,MATH,         191,18,           8,1,         183,18,         475,46,         373,36,"       1,039",98,     479,          40,         754
Gardner,01030000,SCI,          79,24,           2,1,          77,23,         140,42,         115,34,         334,99,     481,,
Gateway,06720000,ELA,         105,33,          17,5,          88,28,         149,47,          61,19,         315,98,     491,          46,         249
Gateway,06720000,MATH,         107,34,          12,4,          95,30,         162,51,          46,15,         315,98,     493,          52,         250
Gateway,06720000,SCI,          46,45,           6,6,          40,39,          46,45,          11,11,         103,97,     497,,
Georgetown,01050000,ELA,         230,40,          22,4,         208,37,         259,46,          80,14,         569,99,     494,          40,         459
Georgetown,01050000,MATH,         226,40,          29,5,         197,35,         266,47,          77,14,         569,99,     495,          38,         460
Georgetown,01050000,SCI,          82,46,          16,9,          66,37,          75,42,          23,13,         180,97,     499,,
Gill-Montague,06740000,ELA,         103,24,          12,3,          91,22,         190,45,         128,30,         421,98,     483,          43,         318
Gill-Montague,06740000,MATH,          92,22,           7,2,          85,20,         214,51,         114,27,         420,97,     484,          46,         315
Gill-Montague,06740000,SCI,          43,32,           6,4,          37,27,          50,37,          42,31,         135,94,     485,,
Global Learning Charter Public (District),04960000,ELA,          63,19,           8,2,          55,17,         177,54,          90,27,         330,100,     483,          48,         323
Global Learning Charter Public (District),04960000,MATH,          37,11,           3,1,          34,10,         191,58,         102,31,         330,100,     478,          35,         323
Global Learning Charter Public (District),04960000,SCI,          31,19,           3,2,          28,17,          92,56,          42,25,         165,99,     482,,
Gloucester,01070000,ELA,         425,34,          60,5,         365,29,         586,46,         255,20,"       1,266",98,     490,          47,         983
Gloucester,01070000,MATH,         379,30,          37,3,         342,27,         611,48,         281,22,"       1,271",99,     488,          47,         987
Gloucester,01070000,SCI,         155,37,          16,4,         139,33,         175,42,          90,21,         420,97,     490,,
Grafton,01100000,ELA,         754,54,         107,8,         647,46,         486,35,         164,12,"       1,404",98,     500,          53,"       1,090"
Grafton,01100000,MATH,         766,54,         155,11,         611,43,         522,37,         126,9,"       1,414",98,     503,          52,"       1,099"
Grafton,01100000,SCI,         309,63,          67,14,         242,49,         132,27,          49,10,         490,97,     505,,
Granby,01110000,ELA,         110,32,          12,3,          98,28,         165,48,          71,21,         346,99,     489,          45,         280
Granby,01110000,MATH,         110,32,          16,5,          94,27,         172,50,          62,18,         344,99,     490,          52,         276
Granby,01110000,SCI,          40,37,           6,6,          34,32,          51,48,          16,15,         107,100,     493,,
Greater Commonwealth Virtual District,39010000,ELA,         108,28,          10,3,          98,25,         195,50,          88,23,         391,84,     486,          51,         240
Greater Commonwealth Virtual District,39010000,MATH,          57,14,           4,1,          53,13,         230,56,         124,30,         411,86,     480,          47,         241
Greater Commonwealth Virtual District,39010000,SCI,          49,31,           2,1,          47,30,          88,56,          20,13,         157,86,     490,,
Greenfield,01140000,ELA,         132,21,           7,1,         125,20,         296,48,         190,31,         618,98,     482,          49,         456
Greenfield,01140000,MATH,         135,22,          13,2,         122,20,         300,49,         178,29,         613,97,     483,          49,         460
Greenfield,01140000,SCI,          56,30,           1,1,          55,29,          82,44,          49,26,         187,93,     486,,
Groton-Dunstable,06730000,ELA,         644,59,         125,11,         519,48,         365,33,          83,8,"       1,092",99,     504,          53,         867
Groton-Dunstable,06730000,MATH,         635,58,         134,12,         501,46,         401,37,          61,6,"       1,097",99,     506,          54,         873
Groton-Dunstable,06730000,SCI,         216,60,          44,12,         172,48,         120,33,          25,7,         361,98,     505,,
Hadley,01170000,ELA,         118,51,          18,8,         100,43,          86,37,          26,11,         230,99,     499,          58,         175
Hadley,01170000,MATH,         105,46,          19,8,          86,38,         100,44,          24,10,         229,99,     499,          56,         175
Hadley,01170000,SCI,          42,56,           7,9,          35,47,          26,35,           7,9,          75,100,     500,,
Halifax,01180000,ELA,         178,63,          41,14,         137,48,          92,32,          14,5,         284,97,     508,          57,         217
Halifax,01180000,MATH,         149,52,          16,6,         133,47,         115,40,          20,7,         284,97,     501,          41,         216
Halifax,01180000,SCI,          39,57,           6,9,          33,49,          27,40,           2,3,          68,99,     504,,
Hamilton-Wenham,06750000,ELA,         507,63,         106,13,         401,49,         247,30,          57,7,         811,100,     506,          54,         621
Hamilton-Wenham,06750000,MATH,         500,62,         111,14,         389,48,         257,32,          51,6,         808,100,     506,          63,         621
Hamilton-Wenham,06750000,SCI,         169,68,          25,10,         144,58,          67,27,          14,6,         250,100,     507,,
Hampden Charter School of Science (District),04990000,ELA,         184,43,          28,7,         156,37,         158,37,          84,20,         426,100,     494,          49,         403
Hampden Charter School of Science (District),04990000,MATH,         114,27,          15,4,          99,23,         233,55,          79,19,         426,100,     489,          47,         402
Hampden Charter School of Science (District),04990000,SCI,          52,36,           3,2,          49,34,          60,42,          31,22,         143,100,     489,,
Hampden-Wilbraham,06800000,ELA,         607,50,          84,7,         523,43,         463,38,         148,12,"       1,218",99,     498,          55,         967
Hampden-Wilbraham,06800000,MATH,         558,46,          62,5,         496,41,         516,43,         138,11,"       1,212",98,     497,          57,         962
Hampden-Wilbraham,06800000,SCI,         219,51,          35,8,         184,43,         165,39,          44,10,         428,98,     499,,
Hampshire,06830000,ELA,         104,36,          12,4,          92,32,         135,47,          46,16,         285,98,     492,          39,         253
Hampshire,06830000,MATH,         110,38,           3,1,         107,37,         137,48,          41,14,         288,99,     493,          37,         262
Hampshire,06830000,SCI,          57,38,           6,4,          51,34,          72,48,          22,15,         151,97,     492,,
Hancock,01210000,ELA,           6,32,           0,0,           6,32,          10,53,           3,16,          19,100,     489,,          16
Hancock,01210000,MATH,          10,53,           0,0,          10,53,           7,37,           2,11,          19,100,     496,,          16
Hanover,01220000,ELA,         683,56,         129,11,         554,46,         441,36,          92,8,"       1,216",98,     504,          52,         991
Hanover,01220000,MATH,         707,58,         139,11,         568,46,         433,35,          82,7,"       1,222",99,     505,          51,         998
Hanover,01220000,SCI,         235,55,          47,11,         188,44,         163,38,          30,7,         428,98,     502,,
Harvard,01250000,ELA,         313,71,          69,16,         244,55,         107,24,          22,5,         442,98,     510,          58,         356
Harvard,01250000,MATH,         288,65,          83,19,         205,46,         129,29,          29,7,         446,99,     508,          55,         360
Harvard,01250000,SCI,         122,80,          47,31,          75,49,          21,14,           9,6,         152,98,     517,,
Hatfield,01270000,ELA,          57,38,           8,5,          49,33,          66,44,          26,17,         149,99,     493,          45,         119
Hatfield,01270000,MATH,          45,30,           5,3,          40,27,          77,52,          27,18,         149,99,     490,          46,         119
Hatfield,01270000,SCI,          32,56,           4,7,          28,49,          22,39,           3,5,          57,100,     501,,
Haverhill,01280000,ELA,"       1,006",28,         104,3,         902,25,"       1,613",45,         982,27,"       3,601",98,     486,          49,"       2,737"
Haverhill,01280000,MATH,"       1,057",29,         148,4,         909,25,"       1,651",46,         899,25,"       3,607",98,     488,          52,"       2,759"
Haverhill,01280000,SCI,         340,29,          40,3,         300,25,         535,45,         308,26,"       1,183",96,     486,,
Hawlemont,06850000,ELA,          12,35,           0,0,          12,35,          11,32,          11,32,          34,97,     487,          43,          29
Hawlemont,06850000,MATH,           5,14,           0,0,           5,14,          23,66,           7,20,          35,100,     485,          49,          29
Hawlemont,06850000,SCI,           6,60,           2,20,           4,40,           4,40,           0,0,          10,100,     508,,
Hill View Montessori Charter Public (District),04550000,ELA,          56,29,           6,3,          50,26,          94,49,          42,22,         192,96,     487,          51,         158
Hill View Montessori Charter Public (District),04550000,MATH,          24,13,           2,1,          22,11,         111,58,          57,30,         192,96,     480,          52,         157
Hill View Montessori Charter Public (District),04550000,SCI,          22,34,           0,0,          22,34,          32,50,          10,16,          64,96,     489,,
Hilltown Cooperative Charter Public (District),04500000,ELA,          83,54,           7,5,          76,50,          59,39,          11,7,         153,97,     500,          48,         119
Hilltown Cooperative Charter Public (District),04500000,MATH,          79,52,          11,7,          68,44,          58,38,          16,10,         153,97,     500,          51,         118
Hilltown Cooperative Charter Public (District),04500000,SCI,          32,71,           0,0,          32,71,          11,24,           2,4,          45,92,     504,,
Hingham,01310000,ELA,"       1,265",76,         386,23,         879,53,         335,20,          59,4,"       1,659",99,     515,          57,"       1,316"
Hingham,01310000,MATH,"       1,161",70,         285,17,         876,53,         434,26,          63,4,"       1,658",99,     511,          51,"       1,320"
Hingham,01310000,SCI,         408,74,         115,21,         293,53,         131,24,          16,3,         555,99,     512,,
Holbrook,01330000,ELA,         245,37,          31,5,         214,32,         284,43,         131,20,         660,99,     492,          50,         523
Holbrook,01330000,MATH,         221,34,          22,3,         199,30,         309,47,         127,19,         657,99,     491,          48,         523
Holbrook,01330000,SCI,          97,43,          18,8,          79,35,          88,39,          40,18,         225,99,     496,,
Holland,01350000,ELA,          47,42,           5,4,          42,37,          52,46,          14,12,         113,99,     495,          55,          76
Holland,01350000,MATH,          56,50,           8,7,          48,42,          44,39,          13,12,         113,99,     499,          58,          76
Holland,01350000,SCI,          11,61,           0,0,          11,61,           4,22,           3,17,          18,100,     498,,
Holliston,01360000,ELA,         733,57,         137,11,         596,47,         410,32,         133,10,"       1,276",99,     503,          56,"       1,000"
Holliston,01360000,MATH,         757,59,         168,13,         589,46,         415,32,         105,8,"       1,277",99,     505,          55,"       1,004"
Holliston,01360000,SCI,         275,65,          50,12,         225,53,         118,28,          32,8,         425,97,     505,,
Holyoke,01370000,ELA,         213,11,          15,1,         198,10,         775,41,         924,48,"       1,912",97,     473,          46,"       1,434"
Holyoke,01370000,MATH,         117,6,           4,0,         113,6,         732,39,"       1,041",55,"       1,890",97,     470,          42,"       1,438"
Holyoke,01370000,SCI,          58,9,           4,1,          54,8,         249,37,         359,54,         666,97,     470,,
Holyoke Community Charter (District),04530000,ELA,          98,22,           9,2,          89,20,         218,49,         127,29,         443,100,     483,          47,         328
Holyoke Community Charter (District),04530000,MATH,          85,19,           5,1,          80,18,         244,55,         115,26,         444,100,     484,          57,         329
Holyoke Community Charter (District),04530000,SCI,          31,20,           2,1,          29,19,          72,47,          49,32,         152,99,     482,,
Hoosac Valley Regional,06030000,ELA,          96,20,           9,2,          87,18,         228,48,         148,31,         472,98,     482,          41,         347
Hoosac Valley Regional,06030000,MATH,          61,13,           2,0,          59,13,         268,57,         142,30,         471,98,     479,          39,         348
Hoosac Valley Regional,06030000,SCI,          43,26,           9,5,          34,20,          79,47,          45,27,         167,97,     486,,
Hopedale,01380000,ELA,         229,47,          31,6,         198,40,         199,41,          63,13,         491,97,     497,          54,         390
Hopedale,01380000,MATH,         246,50,          27,6,         219,45,         196,40,          48,10,         490,98,     499,          42,         393
Hopedale,01380000,SCI,          81,50,          13,8,          68,42,          63,39,          17,11,         161,98,     499,,
Hopkinton,01390000,ELA,"       1,447",72,         351,18,"       1,096",55,         451,23,         102,5,"       2,000",99,     511,          52,"       1,616"
Hopkinton,01390000,MATH,"       1,570",79,         645,32,         925,46,         340,17,          84,4,"       1,994",99,     518,          62,"       1,616"
Hopkinton,01390000,SCI,         516,76,         161,24,         355,52,         133,20,          30,4,         679,99,     513,,
Hudson,01410000,ELA,         401,38,          52,5,         349,33,         454,42,         214,20,"       1,069",99,     491,          49,         831
Hudson,01410000,MATH,         304,28,          28,3,         276,26,         522,49,         246,23,"       1,072",99,     488,          46,         834
Hudson,01410000,SCI,         121,32,          10,3,         111,29,         171,45,          87,23,         379,99,     488,,
Hull,01420000,ELA,         164,56,          38,13,         126,43,         107,36,          23,8,         294,98,     503,          50,         224
Hull,01420000,MATH,         122,41,          18,6,         104,35,         145,49,          28,9,         295,99,     497,          42,         226
Hull,01420000,SCI,          48,50,          13,14,          35,36,          41,43,           7,7,          96,98,     502,,
Innovation Academy Charter (District),04350000,ELA,         164,41,          15,4,         149,38,         179,45,          54,14,         397,98,     494,          46,         383
Innovation Academy Charter (District),04350000,MATH,         122,31,          13,3,         109,28,         215,55,          57,14,         394,98,     491,          39,         377
Innovation Academy Charter (District),04350000,SCI,          53,27,           6,3,          47,24,         108,55,          36,18,         197,97,     488,,
Ipswich,01440000,ELA,         419,59,          82,11,         337,47,         232,32,          64,9,         715,99,     504,          53,         561
Ipswich,01440000,MATH,         386,54,          56,8,         330,46,         276,38,          58,8,         720,99,     502,          50,         568
Ipswich,01440000,SCI,         132,54,          30,12,         102,42,          90,37,          23,9,         245,98,     502,,
KIPP Academy Boston Charter School (District),04630000,ELA,          78,19,           4,1,          74,18,         228,56,         100,25,         406,100,     484,          52,         305
KIPP Academy Boston Charter School (District),04630000,MATH,          98,24,           5,1,          93,23,         195,48,         111,27,         404,99,     485,          44,         306
KIPP Academy Boston Charter School (District),04630000,SCI,          30,23,           3,2,          27,21,          63,49,          36,28,         129,99,     482,,
KIPP Academy Lynn Charter (District),04290000,ELA,         192,26,          12,2,         180,24,         408,55,         146,20,         746,100,     487,          51,         615
KIPP Academy Lynn Charter (District),04290000,MATH,         225,30,          21,3,         204,27,         395,53,         124,17,         744,100,     489,          47,         613
KIPP Academy Lynn Charter (District),04290000,SCI,          44,18,           2,1,          42,17,         146,59,          57,23,         247,99,     483,,
King Philip,06900000,ELA,         369,53,          78,11,         291,42,         240,35,          86,12,         695,99,     501,          48,         669
King Philip,06900000,MATH,         340,49,          58,8,         282,41,         265,38,          87,13,         692,98,     499,          41,         667
King Philip,06900000,SCI,         149,43,          12,3,         137,40,         156,45,          39,11,         344,98,     495,,
Kingston,01450000,ELA,         291,46,          31,5,         260,42,         256,41,          79,13,         626,99,     496,          51,         444
Kingston,01450000,MATH,         273,43,          31,5,         242,39,         267,43,          88,14,         628,100,     496,          44,         441
Kingston,01450000,SCI,          93,60,           7,5,          86,56,          42,27,          19,12,         154,99,     500,,
Lawrence,01490000,ELA,"       1,032",18,         103,2,         929,16,"       2,427",42,"       2,384",41,"       5,843",100,     477,          51,"       4,228"
Lawrence,01490000,MATH,"       1,093",19,         127,2,         966,17,"       2,673",46,"       2,081",36,"       5,847",100,     481,          53,"       4,298"
Lawrence,01490000,SCI,         336,17,          30,2,         306,16,         846,43,         788,40,"       1,970",99,     478,,
Lawrence Family Development Charter (District),04540000,ELA,         136,28,          14,3,         122,25,         248,52,          97,20,         481,100,     487,          47,         373
Lawrence Family Development Charter (District),04540000,MATH,         103,21,          10,2,          93,19,         300,63,          77,16,         480,100,     488,          54,         372
Lawrence Family Development Charter (District),04540000,SCI,          35,24,           4,3,          31,22,          80,56,          29,20,         144,100,     486,,
Learning First Charter Public School (District),04860000,ELA,          87,20,           9,2,          78,18,         229,52,         125,28,         441,100,     482,          49,         361
Learning First Charter Public School (District),04860000,MATH,          68,15,           3,1,          65,15,         242,55,         131,30,         441,100,     480,          49,         358
Learning First Charter Public School (District),04860000,SCI,          39,27,           1,1,          38,27,          68,48,          35,25,         142,98,     485,,
Lee,01500000,ELA,         105,35,          15,5,          90,30,         148,49,          50,17,         303,98,     492,          50,         238
Lee,01500000,MATH,          97,32,          10,3,          87,29,         168,55,          40,13,         305,99,     492,          48,         240
Lee,01500000,SCI,          36,37,           5,5,          31,32,          52,54,           9,9,          97,100,     494,,
Leicester,01510000,ELA,         167,28,          12,2,         155,26,         302,51,         129,22,         598,99,     487,          47,         449
Leicester,01510000,MATH,         154,26,          14,2,         140,23,         316,53,         128,21,         598,99,     488,          46,         450
Leicester,01510000,SCI,          68,37,           5,3,          63,34,          92,50,          23,13,         183,98,     494,,
Lenox,01520000,ELA,         215,62,          44,13,         171,49,         108,31,          24,7,         347,99,     506,          51,         280
Lenox,01520000,MATH,         197,57,          36,10,         161,46,         130,37,          21,6,         348,99,     503,          48,         280
Lenox,01520000,SCI,          58,49,           2,2,          56,47,          50,42,          10,8,         118,98,     499,,
Leominster,01530000,ELA,"       1,004",36,         142,5,         862,31,"       1,171",42,         591,21,"       2,766",100,     491,          53,"       2,030"
Leominster,01530000,MATH,         964,35,         159,6,         805,29,"       1,231",45,         566,20,"       2,761",100,     492,          50,"       2,034"
Leominster,01530000,SCI,         318,35,          41,5,         277,31,         400,44,         182,20,         900,99,     491,,
Leverett,01540000,ELA,          46,61,          13,17,          33,43,          18,24,          12,16,          76,100,     504,          56,          51
Leverett,01540000,MATH,          42,55,           6,8,          36,47,          23,30,          11,14,          76,100,     499,          63,          51
Leverett,01540000,SCI,          15,83,           4,22,          11,61,           3,17,           0,0,          18,100,     518,,
Lexington,01550000,ELA,"       2,376",75,         884,28,"       1,492",47,         588,19,         185,6,"       3,149",99,     516,          62,"       2,493"
Lexington,01550000,MATH,"       2,451",78,"       1,120",36,"       1,331",42,         519,16,         179,6,"       3,149",99,     519,          59,"       2,509"
Lexington,01550000,SCI,         839,76,         295,27,         544,49,         205,19,          55,5,"       1,099",99,     515,,
Libertas Academy Charter School (District),35140000,ELA,         118,44,          14,5,         104,39,         121,45,          29,11,         268,99,     496,          66,         245
Libertas Academy Charter School (District),35140000,MATH,         136,51,          14,5,         122,46,         102,38,          28,11,         266,99,     498,          75,         242
Libertas Academy Charter School (District),35140000,SCI,          27,31,           0,0,          27,31,          49,56,          12,14,          88,97,     493,,
Lincoln,01570000,ELA,         374,57,          91,14,         283,43,         230,35,          47,7,         651,99,     505,          59,         453
Lincoln,01570000,MATH,         364,56,          94,14,         270,41,         220,34,          69,11,         653,99,     504,          57,         455
Lincoln,01570000,SCI,         131,64,          30,15,         101,50,          57,28,          16,8,         204,98,     506,,
Littleton,01580000,ELA,         462,63,         133,18,         329,45,         231,31,          45,6,         738,99,     508,          54,         577
Littleton,01580000,MATH,         441,60,         105,14,         336,46,         239,32,          56,8,         736,99,     506,          54,         577
Littleton,01580000,SCI,         152,65,          44,19,         108,46,          61,26,          22,9,         235,99,     508,,
Longmeadow,01590000,ELA,         722,59,         116,9,         606,49,         411,33,          99,8,"       1,232",98,     503,          46,         977
Longmeadow,01590000,MATH,         768,62,         154,12,         614,50,         393,32,          76,6,"       1,237",98,     506,          50,         982
Longmeadow,01590000,SCI,         265,63,          51,12,         214,51,         127,30,          28,7,         420,98,     506,,
Lowell,01600000,ELA,"       1,866",28,         262,4,"       1,604",24,"       2,779",41,"       2,108",31,"       6,753",99,     485,          53,"       4,952"
Lowell,01600000,MATH,"       2,117",31,         349,5,"       1,768",26,"       2,977",44,"       1,679",25,"       6,773",99,     489,          54,"       5,039"
Lowell,01600000,SCI,         453,21,          36,2,         417,19,         984,45,         728,34,"       2,165",98,     481,,
Lowell Community Charter Public (District),04560000,ELA,         217,44,          41,8,         176,36,         203,41,          70,14,         490,100,     496,          51,         399
Lowell Community Charter Public (District),04560000,MATH,         166,34,          29,6,         137,28,         260,53,          65,13,         491,100,     493,          49,         399
Lowell Community Charter Public (District),04560000,SCI,          55,35,           4,3,          51,32,          73,46,          30,19,         158,100,     491,,
Ludlow,01610000,ELA,         221,23,          15,2,         206,21,         491,51,         253,26,         965,99,     484,          42,         780
Ludlow,01610000,MATH,         304,31,          29,3,         275,28,         473,49,         192,20,         969,99,     489,          46,         782
Ludlow,01610000,SCI,          98,29,           6,2,          92,27,         171,51,          68,20,         337,97,     488,,
Lunenburg,01620000,ELA,         332,46,          32,4,         300,41,         325,45,          67,9,         724,99,     497,          53,         568
Lunenburg,01620000,MATH,         335,46,          30,4,         305,42,         320,44,          70,10,         725,99,     497,          52,         572
Lunenburg,01620000,SCI,         111,48,          13,6,          98,43,          98,43,          21,9,         230,99,     499,,
Lynn,01630000,ELA,"       1,142",17,          70,1,"       1,072",16,"       3,008",44,"       2,625",39,"       6,775",99,     478,          49,"       4,934"
Lynn,01630000,MATH,         981,14,          95,1,         886,13,"       3,175",47,"       2,620",39,"       6,776",99,     478,          50,"       4,989"
Lynn,01630000,SCI,         405,19,          26,1,         379,18,"       1,002",46,         757,35,"       2,164",99,     480,,
Lynnfield,01640000,ELA,         669,63,         132,12,         537,51,         322,30,          72,7,"       1,063",99,     506,          51,         859
Lynnfield,01640000,MATH,         661,62,         142,13,         519,49,         347,33,          58,5,"       1,066",99,     507,          49,         860
Lynnfield,01640000,SCI,         190,57,          34,10,         156,47,         119,36,          26,8,         335,100,     504,,
Malden,01650000,ELA,         926,34,         178,7,         748,28,"       1,006",37,         762,28,"       2,694",99,     489,          53,"       1,938"
Malden,01650000,MATH,         901,34,         173,6,         728,27,"       1,138",42,         648,24,"       2,687",99,     490,          53,"       1,983"
Malden,01650000,SCI,         276,31,          41,5,         235,27,         358,40,         250,28,         884,99,     487,,
Manchester Essex Regional,06980000,ELA,         328,61,          67,13,         261,49,         172,32,          36,7,         536,100,     505,          53,         447
Manchester Essex Regional,06980000,MATH,         302,57,          53,10,         249,47,         197,37,          35,7,         534,99,     504,          52,         442
Manchester Essex Regional,06980000,SCI,         122,64,          15,8,         107,56,          57,30,          12,6,         191,99,     504,,
Mansfield,01670000,ELA,         836,55,         142,9,         694,46,         550,36,         137,9,"       1,523",100,     502,          52,"       1,216"
Mansfield,01670000,MATH,         821,54,         141,9,         680,45,         571,38,         127,8,"       1,519",99,     502,          45,"       1,213"
Mansfield,01670000,SCI,         246,50,          26,5,         220,45,         210,43,          36,7,         492,98,     499,,
Marblehead,01680000,ELA,         651,59,         132,12,         519,47,         365,33,          87,8,"       1,103",99,     505,          55,         890
Marblehead,01680000,MATH,         654,59,         120,11,         534,48,         359,33,          90,8,"       1,103",99,     504,          54,         890
Marblehead,01680000,SCI,         218,53,          33,8,         185,45,         158,39,          32,8,         408,99,     501,,
Marblehead Community Charter Public (District),04640000,ELA,         103,53,          18,9,          85,44,          72,37,          18,9,         193,99,     502,          58,         169
Marblehead Community Charter Public (District),04640000,MATH,          93,48,          20,10,          73,38,          82,42,          18,9,         193,100,     500,          63,         169
Marblehead Community Charter Public (District),04640000,SCI,          27,38,           4,6,          23,32,          35,49,           9,13,          71,100,     495,,
Marion,01690000,ELA,          94,43,          19,9,          75,34,          97,44,          30,14,         221,97,     497,          49,         159
Marion,01690000,MATH,         101,46,          21,10,          80,36,          89,40,          30,14,         220,97,     500,          48,         161
Marion,01690000,SCI,          29,55,           3,6,          26,49,          14,26,          10,19,          53,98,     497,,
Marlborough,01700000,ELA,         563,26,          69,3,         494,22,         904,41,         732,33,"       2,199",99,     482,          48,"       1,576"
Marlborough,01700000,MATH,         506,23,          62,3,         444,20,"       1,049",48,         644,29,"       2,199",100,     484,          50,"       1,593"
Marlborough,01700000,SCI,         162,23,          20,3,         142,20,         295,42,         251,35,         708,99,     482,,
Marshfield,01710000,ELA,         813,52,         122,8,         691,44,         623,40,         131,8,"       1,567",98,     501,          48,"       1,278"
Marshfield,01710000,MATH,         874,56,         141,9,         733,47,         593,38,          97,6,"       1,564",98,     503,          48,"       1,277"
Marshfield,01710000,SCI,         286,50,          47,8,         239,42,         245,43,          39,7,         570,98,     500,,
Martha's Vineyard Charter Public School (District),04660000,ELA,          44,47,           4,4,          40,43,          41,44,           8,9,          93,93,     497,          47,          74
Martha's Vineyard Charter Public School (District),04660000,MATH,          26,27,           0,0,          26,27,          54,56,          16,17,          96,96,     490,          42,          77
Martha's Vineyard Charter Public School (District),04660000,SCI,          15,56,           2,7,          13,48,          12,44,           0,0,          27,100,     505,,
"Martin Luther King, Jr. Charter School of Excellence (District)",04920000,ELA,          31,18,           1,1,          30,18,          94,56,          43,26,         168,99,     483,          50,         112
"Martin Luther King, Jr. Charter School of Excellence (District)",04920000,MATH,          25,15,           4,2,          21,13,          86,51,          57,34,         168,99,     480,          50,         112
"Martin Luther King, Jr. Charter School of Excellence (District)",04920000,SCI,           8,15,           0,0,           8,15,          27,49,          20,36,          55,100,     478,,
Masconomet,07050000,ELA,         306,56,          53,10,         253,46,         188,34,          57,10,         551,98,     501,          44,         527
Masconomet,07050000,MATH,         270,49,          33,6,         237,43,         222,40,          60,11,         552,98,     498,          40,         529
Masconomet,07050000,SCI,         177,62,          44,15,         133,47,          82,29,          25,9,         284,98,     505,,
Mashpee,01720000,ELA,         204,34,          19,3,         185,31,         293,49,         101,17,         598,99,     491,          47,         478
Mashpee,01720000,MATH,         198,33,          20,3,         178,30,         300,51,          96,16,         594,99,     491,          47,         475
Mashpee,01720000,SCI,          80,39,          14,7,          66,32,          87,43,          37,18,         204,98,     493,,
Match Charter Public School (District),04690000,ELA,         116,22,           7,1,         109,20,         272,51,         150,28,         538,100,     483,          49,         422
Match Charter Public School (District),04690000,MATH,         122,23,          12,2,         110,21,         294,55,         120,22,         536,99,     486,          51,         417
Match Charter Public School (District),04690000,SCI,          40,24,           5,3,          35,21,          81,48,          47,28,         168,98,     485,,
Mattapoisett,01730000,ELA,         141,66,          27,13,         114,54,          62,29,          10,5,         213,100,     508,          64,         152
Mattapoisett,01730000,MATH,         123,58,          21,10,         102,48,          79,37,          11,5,         213,100,     504,          59,         151
Mattapoisett,01730000,SCI,          32,64,           7,14,          25,50,          14,28,           4,8,          50,100,     505,,
Maynard,01740000,ELA,         226,41,          20,4,         206,37,         229,41,          97,18,         552,99,     492,          49,         434
Maynard,01740000,MATH,         175,32,          16,3,         159,29,         279,51,          92,17,         546,98,     490,          46,         429
Maynard,01740000,SCI,          92,50,          12,6,          80,43,          71,38,          22,12,         185,98,     498,,
Medfield,01750000,ELA,         806,70,         155,13,         651,57,         291,25,          54,5,"       1,151",99,     509,          51,         920
Medfield,01750000,MATH,         845,73,         172,15,         673,58,         267,23,          45,4,"       1,157",99,     511,          52,         925
Medfield,01750000,SCI,         283,72,          69,17,         214,54,          97,25,          15,4,         395,99,     511,,
Medford,01760000,ELA,         746,40,         124,7,         622,34,         697,38,         403,22,"       1,846",98,     492,          46,"       1,350"
Medford,01760000,MATH,         643,35,          94,5,         549,30,         840,46,         354,19,"       1,837",98,     492,          49,"       1,358"
Medford,01760000,SCI,         238,40,          45,8,         193,33,         235,40,         120,20,         593,96,     493,,
Medway,01770000,ELA,         590,58,          93,9,         497,49,         331,33,          88,9,"       1,009",99,     503,          48,         814
Medway,01770000,MATH,         603,60,         112,11,         491,49,         344,34,          65,6,"       1,012",99,     505,          48,         814
Medway,01770000,SCI,         211,62,          46,14,         165,49,         104,31,          24,7,         339,100,     506,,
Melrose,01780000,ELA,"       1,091",61,         273,15,         818,46,         512,29,         175,10,"       1,778",99,     506,          51,"       1,404"
Melrose,01780000,MATH,"       1,060",60,         265,15,         795,45,         571,32,         140,8,"       1,771",98,     506,          47,"       1,401"
Melrose,01780000,SCI,         320,55,          71,12,         249,42,         201,34,          65,11,         586,99,     501,,
Mendon-Upton,07100000,ELA,         476,48,          54,5,         422,43,         399,40,         112,11,         987,99,     497,          53,         781
Mendon-Upton,07100000,MATH,         495,50,          73,7,         422,43,         399,40,          98,10,         992,100,     500,          51,         783
Mendon-Upton,07100000,SCI,         150,50,          16,5,         134,45,         116,39,          35,12,         301,99,     498,,
Methuen,01810000,ELA,         925,30,         106,3,         819,26,"       1,397",45,         769,25,"       3,091",99,     487,          48,"       2,403"
Methuen,01810000,MATH,         848,27,          99,3,         749,24,"       1,430",46,         823,27,"       3,101",100,     486,          51,"       2,410"
Methuen,01810000,SCI,         282,27,          26,2,         256,24,         490,46,         287,27,"       1,059",99,     485,,
Middleborough,01820000,ELA,         445,33,          39,3,         406,30,         673,49,         243,18,"       1,361",99,     490,          44,"       1,060"
Middleborough,01820000,MATH,         464,34,          44,3,         420,31,         669,49,         224,17,"       1,357",98,     492,          43,"       1,058"
Middleborough,01820000,SCI,         161,38,          19,5,         142,34,         189,45,          71,17,         421,96,     492,,
Middleton,01840000,ELA,         206,51,          23,6,         183,45,         162,40,          35,9,         403,100,     500,          51,         291
Middleton,01840000,MATH,         205,51,          22,5,         183,46,         171,43,          26,6,         402,100,     502,          56,         292
Middleton,01840000,SCI,          65,68,          12,13,          53,55,          25,26,           6,6,          96,100,     506,,
Milford,01850000,ELA,         561,29,          53,3,         508,26,         863,44,         539,27,"       1,963",99,     485,          49,"       1,452"
Milford,01850000,MATH,         480,25,          36,2,         444,23,"       1,005",51,         471,24,"       1,956",99,     486,          52,"       1,457"
Milford,01850000,SCI,         206,31,          30,5,         176,27,         288,44,         162,25,         656,99,     487,,
Millbury,01860000,ELA,         266,38,          21,3,         245,35,         320,45,         121,17,         707,99,     492,          44,         539
Millbury,01860000,MATH,         279,39,          40,6,         239,34,         314,44,         114,16,         707,99,     494,          47,         544
Millbury,01860000,SCI,          94,39,           7,3,          87,36,         116,48,          32,13,         242,98,     493,,
Millis,01870000,ELA,         251,45,          33,6,         218,39,         252,45,          59,10,         562,100,     497,          48,         444
Millis,01870000,MATH,         257,46,          26,5,         231,41,         251,45,          55,10,         563,100,     498,          53,         444
Millis,01870000,SCI,          96,48,          11,6,          85,43,          72,36,          31,16,         199,100,     497,,
Milton,01890000,ELA,"       1,343",64,         278,13,"       1,065",51,         590,28,         168,8,"       2,101",99,     506,          54,"       1,648"
Milton,01890000,MATH,"       1,271",60,         305,15,         966,46,         696,33,         134,6,"       2,101",99,     507,          54,"       1,651"
Milton,01890000,SCI,         493,71,         158,23,         335,48,         149,21,          52,7,         694,99,     511,,
Mohawk Trail,07170000,ELA,         131,34,          13,3,         118,31,         163,42,          92,24,         386,96,     489,          43,         307
Mohawk Trail,07170000,MATH,          92,24,           3,1,          89,23,         203,53,          90,23,         385,96,     486,          45,         302
Mohawk Trail,07170000,SCI,          42,30,           4,3,          38,28,          57,41,          39,28,         138,95,     485,,
Monomoy Regional School District,07120000,ELA,         343,45,          54,7,         289,38,         315,41,         102,13,         760,98,     497,          48,         611
Monomoy Regional School District,07120000,MATH,         347,45,          50,7,         297,39,         328,43,          94,12,         769,99,     497,          52,         616
Monomoy Regional School District,07120000,SCI,         133,51,          20,8,         113,43,          98,37,          32,12,         263,98,     498,,
Monson,01910000,ELA,         132,33,           8,2,         124,31,         190,48,          78,20,         400,97,     490,          44,         327
Monson,01910000,MATH,          98,25,           4,1,          94,24,         224,56,          76,19,         398,96,     487,          53,         327
Monson,01910000,SCI,          39,30,           4,3,          35,27,          66,50,          27,20,         132,92,     488,,
Mount Greylock,07150000,ELA,         312,55,          51,9,         261,46,         206,36,          49,9,         567,99,     502,          49,         445
Mount Greylock,07150000,MATH,         279,49,          48,8,         231,41,         237,42,          50,9,         566,99,     500,          44,         442
Mount Greylock,07150000,SCI,         101,52,          17,9,          84,43,          79,40,          16,8,         196,99,     500,,
Mystic Valley Regional Charter (District),04700000,ELA,         505,58,          70,8,         435,50,         341,39,          28,3,         874,100,     504,          50,         686
Mystic Valley Regional Charter (District),04700000,MATH,         538,62,         100,11,         438,50,         309,35,          26,3,         873,100,     507,          55,         687
Mystic Valley Regional Charter (District),04700000,SCI,         130,49,          19,7,         111,42,         117,44,          20,7,         267,99,     500,,
Nahant,01960000,ELA,          26,41,           1,2,          25,39,          30,47,           8,13,          64,100,     496,          46,          42
Nahant,01960000,MATH,          23,36,           6,9,          17,27,          31,48,          10,16,          64,100,     496,          46,          42
Nahant,01960000,SCI,           7,54,           1,8,           6,46,           2,15,           4,31,          13,93,     494,,
Nantucket,01970000,ELA,         194,28,          26,4,         168,24,         309,44,         196,28,         699,99,     486,          51,         515
Nantucket,01970000,MATH,         172,25,          13,2,         159,23,         387,56,         138,20,         697,99,     488,          53,         520
Nantucket,01970000,SCI,          81,39,          15,7,          66,32,          91,44,          34,17,         206,99,     493,,
Narragansett,07200000,ELA,         192,28,           6,1,         186,27,         354,51,         144,21,         690,100,     488,          47,         563
Narragansett,07200000,MATH,         186,27,          16,2,         170,25,         351,51,         148,22,         685,100,     487,          44,         558
Narragansett,07200000,SCI,          70,29,           1,0,          69,29,         120,50,          48,20,         238,100,     488,,
Nashoba,07250000,ELA,         847,58,         157,11,         690,47,         489,34,         121,8,"       1,457",100,     503,          52,"       1,139"
Nashoba,07250000,MATH,         866,60,         156,11,         710,49,         473,33,         115,8,"       1,454",100,     504,          55,"       1,142"
Nashoba,07250000,SCI,         269,56,          48,10,         221,46,         166,35,          43,9,         478,100,     502,,
Natick,01980000,ELA,"       1,551",63,         342,14,"       1,209",49,         697,28,         215,9,"       2,463",99,     506,          55,"       1,930"
Natick,01980000,MATH,"       1,583",64,         408,17,"       1,175",48,         699,28,         189,8,"       2,471",100,     508,          56,"       1,936"
Natick,01980000,SCI,         514,63,         125,15,         389,48,         239,29,          65,8,         818,99,     506,,
Nauset,06600000,ELA,         237,52,          47,10,         190,42,         163,36,          53,12,         453,98,     500,          52,         417
Nauset,06600000,MATH,         154,34,          15,3,         139,31,         240,53,          59,13,         453,98,     493,          41,         416
Nauset,06600000,SCI,          76,44,           6,4,          70,41,          81,47,          14,8,         171,98,     497,,
Needham,01990000,ELA,"       1,849",72,         558,22,"       1,291",50,         588,23,         122,5,"       2,559",99,     513,          61,"       2,057"
Needham,01990000,MATH,"       1,903",74,         540,21,"       1,363",53,         553,22,         112,4,"       2,568",99,     513,          63,"       2,069"
Needham,01990000,SCI,         602,71,         158,19,         444,52,         192,23,          55,6,         849,98,     510,,
Neighborhood House Charter (District),04440000,ELA,          90,25,          14,4,          76,22,         183,52,          80,23,         353,98,     487,          50,         276
Neighborhood House Charter (District),04440000,MATH,          69,20,           4,1,          65,18,         165,47,         118,34,         352,98,     481,          37,         279
Neighborhood House Charter (District),04440000,SCI,          19,14,           1,1,          18,13,          57,42,          59,44,         135,99,     475,,
New Bedford,02010000,ELA,"       1,236",22,         106,2,"       1,130",20,"       2,486",44,"       1,952",34,"       5,674",99,     481,          45,"       4,112"
New Bedford,02010000,MATH,"       1,084",19,         121,2,         963,17,"       2,662",47,"       1,923",34,"       5,669",99,     481,          42,"       4,138"
New Bedford,02010000,SCI,         308,17,          15,1,         293,16,         872,49,         607,34,"       1,787",98,     480,,
New Heights Charter School of Brockton (District),35130000,ELA,          80,24,          10,3,          70,21,         168,50,          88,26,         336,98,     483,          51,         316
New Heights Charter School of Brockton (District),35130000,MATH,          60,18,           1,0,          59,17,         197,58,          82,24,         339,99,     484,          49,         324
New Heights Charter School of Brockton (District),35130000,SCI,           9,8,           0,0,           9,8,          74,66,          29,26,         112,97,     479,,
New Salem-Wendell,07280000,ELA,          22,29,           2,3,          20,26,          49,64,           5,7,          76,97,     493,          52,          54
New Salem-Wendell,07280000,MATH,          20,26,           2,3,          18,23,          48,62,           9,12,          77,99,     489,          54,          56
New Salem-Wendell,07280000,SCI,          10,53,           0,0,          10,53,           9,47,           0,0,          19,100,     497,,
Newburyport,02040000,ELA,         513,55,          85,9,         428,46,         336,36,          76,8,         925,99,     502,          54,         751
Newburyport,02040000,MATH,         443,48,          45,5,         398,43,         394,43,          88,10,         925,99,     498,          49,         747
Newburyport,02040000,SCI,         170,52,          29,9,         141,43,         133,40,          27,8,         330,99,     501,,
Newton,02070000,ELA,"       3,428",66,         895,17,"       2,533",49,"       1,301",25,         431,8,"       5,160",99,     508,          58,"       4,037"
Newton,02070000,MATH,"       3,578",69,"       1,132",22,"       2,446",47,"       1,196",23,         383,7,"       5,157",99,     511,          60,"       4,083"
Newton,02070000,SCI,"       1,209",69,         325,19,         884,51,         421,24,         116,7,"       1,746",99,     509,,
Norfolk,02080000,ELA,         332,58,          50,9,         282,49,         208,36,          33,6,         573,99,     504,          50,         417
Norfolk,02080000,MATH,         378,66,          68,12,         310,54,         167,29,          27,5,         572,99,     508,          54,         416
Norfolk,02080000,SCI,          72,56,          10,8,          62,48,          44,34,          13,10,         129,99,     500,,
North Adams,02090000,ELA,         106,22,          13,3,          93,19,         211,43,         175,36,         492,99,     481,          44,         357
North Adams,02090000,MATH,         117,24,          17,3,         100,20,         216,44,         159,32,         492,99,     484,          50,         361
North Adams,02090000,SCI,          34,22,           4,3,          30,20,          63,41,          55,36,         152,97,     482,,
North Andover,02110000,ELA,         945,47,         160,8,         785,39,         776,39,         280,14,"       2,001",99,     498,          47,"       1,578"
North Andover,02110000,MATH,"       1,051",52,         186,9,         865,43,         748,37,         207,10,"       2,006",99,     501,          51,"       1,585"
North Andover,02110000,SCI,         332,49,          52,8,         280,42,         256,38,          83,12,         671,99,     498,,
North Attleborough,02120000,ELA,         848,45,         110,6,         738,39,         798,43,         226,12,"       1,872",98,     497,          48,"       1,471"
North Attleborough,02120000,MATH,         819,44,         102,5,         717,38,         801,43,         262,14,"       1,882",98,     496,          47,"       1,471"
North Attleborough,02120000,SCI,         324,51,          69,11,         255,40,         225,36,          82,13,         631,98,     500,,
North Brookfield,02150000,ELA,          43,19,           0,0,          43,19,         128,58,          50,23,         221,99,     483,          45,         159
North Brookfield,02150000,MATH,          48,22,           2,1,          46,21,         115,53,          55,25,         218,98,     486,          38,         157
North Brookfield,02150000,SCI,          16,21,           0,0,          16,21,          38,49,          23,30,          77,97,     482,,
North Middlesex,07350000,ELA,         582,41,          58,4,         524,37,         665,46,         186,13,"       1,433",99,     494,          48,"       1,142"
North Middlesex,07350000,MATH,         523,36,          46,3,         477,33,         708,49,         206,14,"       1,437",99,     493,          47,"       1,149"
North Middlesex,07350000,SCI,         200,43,          19,4,         181,39,         212,45,          54,12,         466,99,     494,,
North Reading,02170000,ELA,         780,72,         170,16,         610,56,         261,24,          41,4,"       1,082",99,     511,          59,         866
North Reading,02170000,MATH,         748,69,         162,15,         586,54,         290,27,          45,4,"       1,083",99,     510,          52,         867
North Reading,02170000,SCI,         290,78,         115,31,         175,47,          69,19,          11,3,         370,99,     517,,
Northampton,02100000,ELA,         485,46,          66,6,         419,40,         386,36,         189,18,"       1,060",95,     495,          45,         852
Northampton,02100000,MATH,         384,36,          52,5,         332,31,         439,41,         236,22,"       1,059",95,     490,          45,         843
Northampton,02100000,SCI,         186,48,          29,7,         157,40,         129,33,          76,19,         391,95,     494,,
Northborough,02130000,ELA,         594,53,          78,7,         516,46,         407,37,         111,10,"       1,112",99,     500,          50,         885
Northborough,02130000,MATH,         619,55,         131,12,         488,44,         406,36,          93,8,"       1,118",99,     503,          51,         894
Northborough,02130000,SCI,         237,62,          51,13,         186,49,         114,30,          31,8,         382,98,     505,,
Northbridge,02140000,ELA,         287,35,          27,3,         260,32,         366,44,         171,21,         824,98,     490,          48,         626
Northbridge,02140000,MATH,         290,35,          24,3,         266,32,         376,46,         156,19,         822,98,     490,          47,         628
Northbridge,02140000,SCI,         100,37,           7,3,          93,34,         119,44,          51,19,         270,95,     491,,
Norton,02180000,ELA,         405,38,          45,4,         360,34,         498,47,         152,14,"       1,055",97,     494,          47,         841
Norton,02180000,MATH,         358,34,          37,4,         321,31,         538,51,         149,14,"       1,045",96,     493,          43,         830
Norton,02180000,SCI,         116,34,           9,3,         107,32,         147,43,          75,22,         338,90,     489,,
Norwell,02190000,ELA,         707,67,         150,14,         557,53,         294,28,          56,5,"       1,057",99,     508,          54,         865
Norwell,02190000,MATH,         718,68,         154,15,         564,53,         305,29,          38,4,"       1,061",100,     509,          55,         869
Norwell,02190000,SCI,         232,64,          49,14,         183,51,         112,31,          18,5,         362,99,     506,,
Norwood,02200000,ELA,         602,38,          69,4,         533,33,         672,42,         318,20,"       1,592",99,     492,          45,"       1,217"
Norwood,02200000,MATH,         569,36,          89,6,         480,30,         692,43,         334,21,"       1,595",99,     492,          43,"       1,235"
Norwood,02200000,SCI,         215,41,          44,8,         171,32,         210,40,         104,20,         529,99,     494,,
Oak Bluffs,02210000,ELA,         101,41,          17,7,          84,34,         121,49,          24,10,         246,100,     496,          53,         201
Oak Bluffs,02210000,MATH,         124,50,          16,7,         108,44,         102,41,          20,8,         246,100,     500,          57,         203
Oak Bluffs,02210000,SCI,          43,52,           6,7,          37,45,          29,35,          11,13,          83,100,     500,,
Old Rochester,07400000,ELA,         198,49,          33,8,         165,41,         164,41,          39,10,         401,100,     499,          43,         385
Old Rochester,07400000,MATH,         167,42,          21,5,         146,37,         195,49,          38,10,         400,100,     497,          39,         384
Old Rochester,07400000,SCI,          86,44,           7,4,          79,40,          95,48,          15,8,         196,99,     497,,
Old Sturbridge Academy Charter Public School (District),35150000,ELA,          66,29,           9,4,          57,25,         113,50,          48,21,         227,100,     487,          48,         176
Old Sturbridge Academy Charter Public School (District),35150000,MATH,          46,20,           6,3,          40,18,         115,50,          67,29,         228,99,     483,          49,         177
Old Sturbridge Academy Charter Public School (District),35150000,SCI,          27,36,           1,1,          26,34,          29,38,          20,26,          76,99,     488,,
Orange,02230000,ELA,          43,15,           1,0,          42,15,         142,51,          93,33,         278,99,     479,          40,         177
Orange,02230000,MATH,          52,19,           1,0,          51,18,         140,51,          84,30,         276,98,     481,          46,         175
Orange,02230000,SCI,          22,31,           2,3,          20,28,          31,44,          18,25,          71,97,     487,,
Orleans,02240000,ELA,          53,69,           8,10,          45,58,          21,27,           3,4,          77,99,     508,          54,          40
Orleans,02240000,MATH,          48,62,           9,12,          39,51,          20,26,           9,12,          77,99,     506,          62,          41
Orleans,02240000,SCI,          19,86,           3,14,          16,73,           2,9,           1,5,          22,100,     516,,
Oxford,02260000,ELA,         231,33,          23,3,         208,30,         314,45,         147,21,         692,97,     489,          47,         540
Oxford,02260000,MATH,         187,27,          18,3,         169,25,         348,51,         153,22,         688,97,     488,          39,         538
Oxford,02260000,SCI,          78,32,          11,5,          67,28,         109,45,          55,23,         242,98,     489,,
Palmer,02270000,ELA,         143,26,           8,1,         135,24,         253,46,         156,28,         552,98,     485,          45,         414
Palmer,02270000,MATH,         159,29,          17,3,         142,26,         272,49,         119,22,         550,98,     488,          47,         416
Palmer,02270000,SCI,          43,27,           4,3,          39,24,          73,46,          44,28,         160,98,     487,,
Peabody,02290000,ELA,         800,30,          49,2,         751,28,"       1,218",45,         692,26,"       2,710",100,     486,          45,"       2,034"
Peabody,02290000,MATH,         831,31,          82,3,         749,28,"       1,239",47,         588,22,"       2,658",98,     489,          50,"       2,010"
Peabody,02290000,SCI,         295,33,          30,3,         265,29,         374,42,         232,26,         901,99,     487,,
Pelham,02300000,ELA,          37,49,           3,4,          34,45,          31,41,           7,9,          75,96,     498,          43,          50
Pelham,02300000,MATH,          38,54,           7,10,          31,44,          28,39,           5,7,          71,90,     503,          48,          50
Pelham,02300000,SCI,           9,53,           1,6,           8,47,           7,41,           1,6,          17,94,     505,,
Pembroke,02310000,ELA,         435,41,          38,4,         397,37,         505,47,         128,12,"       1,068",98,     495,          39,         852
Pembroke,02310000,MATH,         589,55,          99,9,         490,46,         413,38,          74,7,"       1,076",99,     503,          51,         859
Pembroke,02310000,SCI,         126,38,          14,4,         112,34,         163,50,          40,12,         329,98,     494,,
Pentucket,07450000,ELA,         499,48,          71,7,         428,41,         415,40,         131,13,"       1,045",99,     498,          47,         807
Pentucket,07450000,MATH,         520,50,          86,8,         434,41,         406,39,         124,12,"       1,050",99,     500,          50,         810
Pentucket,07450000,SCI,         168,49,          31,9,         137,40,         140,41,          35,10,         343,98,     499,,
Petersham,02340000,ELA,          45,54,          12,14,          33,40,          29,35,           9,11,          83,98,     502,          66,          62
Petersham,02340000,MATH,          37,45,           4,5,          33,40,          37,45,           8,10,          82,96,     495,          68,          63
Petersham,02340000,SCI,          16,76,           4,19,          12,57,           3,14,           2,10,          21,100,     512,,
Pioneer Charter School of Science (District),04940000,ELA,         235,62,          56,15,         179,47,         109,29,          34,9,         378,100,     506,          58,         307
Pioneer Charter School of Science (District),04940000,MATH,         261,69,          82,22,         179,47,          95,25,          22,6,         378,100,     511,          60,         306
Pioneer Charter School of Science (District),04940000,SCI,          85,67,          25,20,          60,48,          32,25,           9,7,         126,100,     509,,
Pioneer Charter School of Science II (District),35060000,ELA,         153,62,          36,15,         117,48,          77,31,          15,6,         245,100,     506,          67,         173
Pioneer Charter School of Science II (District),35060000,MATH,         181,74,          46,19,         135,55,          50,20,          14,6,         245,100,     512,          74,         174
Pioneer Charter School of Science II (District),35060000,SCI,          41,56,           5,7,          36,49,          28,38,           4,5,          73,100,     501,,
Pioneer Valley,07500000,ELA,         105,35,          15,5,          90,30,         142,48,          51,17,         298,96,     492,          49,         231
Pioneer Valley,07500000,MATH,          92,31,           6,2,          86,29,         147,50,          54,18,         293,95,     489,          47,         228
Pioneer Valley,07500000,SCI,          44,47,           6,6,          38,41,          35,38,          14,15,          93,98,     497,,
Pioneer Valley Chinese Immersion Charter (District),04970000,ELA,         181,62,          57,20,         124,42,          88,30,          23,8,         292,99,     507,          60,         243
Pioneer Valley Chinese Immersion Charter (District),04970000,MATH,         181,62,          64,22,         117,40,          97,33,          16,5,         294,100,     509,          69,         244
Pioneer Valley Chinese Immersion Charter (District),04970000,SCI,          71,74,          21,22,          50,52,          21,22,           4,4,          96,99,     512,,
Pioneer Valley Performing Arts Charter Public (District),04790000,ELA,          53,37,           6,4,          47,33,          67,47,          22,15,         142,100,     491,          43,         112
Pioneer Valley Performing Arts Charter Public (District),04790000,MATH,          22,16,           0,0,          22,16,          82,58,          37,26,         141,99,     482,          30,         111
Pioneer Valley Performing Arts Charter Public (District),04790000,SCI,          23,33,           0,0,          23,33,          35,50,          12,17,          70,99,     490,,
Pittsfield,02360000,ELA,         568,29,          77,4,         491,25,         823,42,         576,29,"       1,967",97,     486,          43,"       1,463"
Pittsfield,02360000,MATH,         482,25,          68,3,         414,21,         863,44,         617,31,"       1,962",97,     484,          39,"       1,456"
Pittsfield,02360000,SCI,         181,28,          33,5,         148,23,         276,43,         187,29,         644,96,     486,,
Plainville,02380000,ELA,         140,44,           9,3,         131,41,         146,46,          30,9,         316,98,     496,          54,         217
Plainville,02380000,MATH,         161,51,          42,13,         119,37,         116,36,          41,13,         318,99,     501,          65,         220
Plainville,02380000,SCI,          36,43,           3,4,          33,39,          37,44,          11,13,          84,100,     495,,
Plymouth,02390000,ELA,"       1,455",47,         248,8,"       1,207",39,"       1,196",39,         432,14,"       3,083",99,     497,          49,"       2,374"
Plymouth,02390000,MATH,"       1,188",39,         131,4,"       1,057",34,"       1,434",47,         449,15,"       3,071",98,     494,          45,"       2,376"
Plymouth,02390000,SCI,         402,40,          43,4,         359,36,         453,45,         141,14,         996,98,     493,,
Plympton,02400000,ELA,          91,58,          14,9,          77,49,          55,35,          10,6,         156,100,     504,          48,         105
Plympton,02400000,MATH,          80,51,          14,9,          66,42,          59,38,          17,11,         156,100,     502,          54,         106
Plympton,02400000,SCI,          30,65,           6,13,          24,52,          11,24,           5,11,          46,100,     507,,
Prospect Hill Academy Charter (District),04870000,ELA,         110,28,          17,4,          93,23,         183,46,         104,26,         397,100,     487,          52,         305
Prospect Hill Academy Charter (District),04870000,MATH,          75,19,          10,3,          65,16,         182,46,         138,35,         395,100,     481,          54,         305
Prospect Hill Academy Charter (District),04870000,SCI,          21,15,           1,1,          20,14,          72,52,          45,33,         138,98,     479,,
Provincetown,02420000,ELA,          27,35,           4,5,          23,29,          42,54,           9,12,          78,98,     493,          57,          56
Provincetown,02420000,MATH,          20,25,           1,1,          19,24,          40,51,          19,24,          79,99,     486,          48,          56
Provincetown,02420000,SCI,          12,60,           3,15,           9,45,           8,40,           0,0,          20,95,     504,,
Quabbin,07530000,ELA,         353,36,          55,6,         298,30,         445,45,         191,19,         989,99,     491,          43,         776
Quabbin,07530000,MATH,         297,30,          22,2,         275,28,         513,52,         177,18,         987,99,     489,          39,         775
Quabbin,07530000,SCI,         121,37,          12,4,         109,33,         146,45,          60,18,         327,99,     492,,
Quaboag Regional,07780000,ELA,         137,26,          12,2,         125,23,         270,50,         130,24,         537,99,     486,          40,         416
Quaboag Regional,07780000,MATH,         165,31,          11,2,         154,29,         253,47,         118,22,         536,99,     488,          42,         417
Quaboag Regional,07780000,SCI,          47,27,           2,1,          45,26,          81,47,          45,26,         173,99,     485,,
Quincy,02430000,ELA,"       1,964",46,         374,9,"       1,590",37,"       1,548",36,         773,18,"       4,285",99,     496,          54,"       3,268"
Quincy,02430000,MATH,"       1,821",42,         372,9,"       1,449",34,"       1,721",40,         743,17,"       4,285",99,     496,          52,"       3,322"
Quincy,02430000,SCI,         643,45,         125,9,         518,36,         539,38,         239,17,"       1,421",99,     496,,
Ralph C Mahar,07550000,ELA,          42,21,           1,0,          41,20,          94,47,          65,32,         201,96,     481,          39,         171
Ralph C Mahar,07550000,MATH,          50,26,           7,4,          43,22,         105,54,          41,21,         196,93,     488,          59,         168
Ralph C Mahar,07550000,SCI,          20,21,           4,4,          16,17,          51,54,          24,25,          95,92,     486,,
Randolph,02440000,ELA,         249,20,          15,1,         234,18,         607,48,         410,32,"       1,266",99,     481,          44,         885
Randolph,02440000,MATH,         304,24,          38,3,         266,21,         600,47,         375,29,"       1,279",99,     484,          41,         915
Randolph,02440000,SCI,          89,22,          10,3,          79,20,         185,47,         122,31,         396,97,     483,,
Reading,02460000,ELA,"       1,164",65,         268,15,         896,50,         505,28,         127,7,"       1,796",99,     507,          53,"       1,444"
Reading,02460000,MATH,"       1,163",65,         266,15,         897,50,         508,28,         124,7,"       1,795",99,     507,          56,"       1,442"
Reading,02460000,SCI,         374,61,          97,16,         277,45,         192,31,          49,8,         615,99,     505,,
Revere,02480000,ELA,         846,26,          84,3,         762,23,"       1,464",45,         947,29,"       3,257",99,     484,          50,"       2,454"
Revere,02480000,MATH,         831,25,          65,2,         766,23,"       1,613",49,         819,25,"       3,263",99,     486,          45,"       2,492"
Revere,02480000,SCI,         288,27,          32,3,         256,24,         517,48,         273,25,"       1,078",99,     486,,
Richmond,02490000,ELA,          58,59,           8,8,          50,51,          34,35,           6,6,          98,99,     503,          54,          73
Richmond,02490000,MATH,          40,41,           4,4,          36,37,          53,55,           4,4,          97,99,     498,          42,          73
Richmond,02490000,SCI,          17,57,           2,7,          15,50,          12,40,           1,3,          30,100,     501,,
Rising Tide Charter Public (District),04830000,ELA,         198,54,          46,13,         152,42,         148,40,          20,5,         366,98,     503,          55,         338
Rising Tide Charter Public (District),04830000,MATH,         201,55,          35,10,         166,46,         146,40,          17,5,         364,98,     502,          61,         338
Rising Tide Charter Public (District),04830000,SCI,          88,49,          15,8,          73,40,          81,45,          12,7,         181,98,     500,,
River Valley Charter (District),04820000,ELA,         113,59,          14,7,          99,52,          64,34,          14,7,         191,100,     502,          56,         152
River Valley Charter (District),04820000,MATH,          91,48,          11,6,          80,42,          81,42,          19,10,         191,100,     497,          62,         152
River Valley Charter (District),04820000,SCI,          38,64,           8,14,          30,51,          17,29,           4,7,          59,100,     506,,
Rochester,02500000,ELA,         135,50,           6,2,         129,48,         110,41,          24,9,         269,100,     499,          48,         203
Rochester,02500000,MATH,         145,54,          25,9,         120,45,         105,39,          19,7,         269,100,     503,          50,         203
Rochester,02500000,SCI,          39,60,           5,8,          34,52,          20,31,           6,9,          65,98,     502,,
Rockland,02510000,ELA,         380,38,          49,5,         331,33,         412,41,         206,21,         998,99,     491,          49,         773
Rockland,02510000,MATH,         349,35,          40,4,         309,31,         459,46,         190,19,         998,99,     492,          43,         771
Rockland,02510000,SCI,         138,38,          23,6,         115,32,         148,41,          73,20,         359,98,     492,,
Rockport,02520000,ELA,         123,44,          19,7,         104,38,         112,40,          42,15,         277,99,     496,          45,         223
Rockport,02520000,MATH,         111,40,          16,6,          95,34,         127,45,          42,15,         280,99,     494,          45,         225
Rockport,02520000,SCI,          57,63,          13,14,          44,49,          25,28,           8,9,          90,97,     503,,
Rowe,02530000,ELA,          15,43,           0,0,          15,43,          14,40,           6,17,          35,100,     491,          47,          25
Rowe,02530000,MATH,          15,43,           2,6,          13,37,          13,37,           7,20,          35,100,     491,          50,          25
Rowe,02530000,SCI,           7,58,           2,17,           5,42,           1,8,           4,33,          12,100,     491,,
Roxbury Preparatory Charter (District),04840000,ELA,         168,29,          18,3,         150,26,         259,45,         143,25,         570,93,     487,          62,         467
Roxbury Preparatory Charter (District),04840000,MATH,         181,32,           6,1,         175,31,         286,50,         105,18,         572,98,     489,          69,         483
Roxbury Preparatory Charter (District),04840000,SCI,          58,23,           0,0,          58,23,         140,55,          57,22,         255,98,     484,,
Salem,02580000,ELA,         538,32,          84,5,         454,27,         724,43,         434,26,"       1,696",99,     488,          56,"       1,215"
Salem,02580000,MATH,         414,24,          45,3,         369,22,         768,45,         525,31,"       1,707",99,     484,          50,"       1,233"
Salem,02580000,SCI,         196,33,          31,5,         165,28,         237,40,         165,28,         598,99,     488,,
Salem Academy Charter (District),04850000,ELA,         102,46,          19,9,          83,38,          74,33,          45,20,         221,100,     495,          53,         211
Salem Academy Charter (District),04850000,MATH,          86,39,          12,5,          74,34,          91,41,          43,20,         220,100,     492,          58,         211
Salem Academy Charter (District),04850000,SCI,          33,44,          10,13,          23,31,          28,37,          14,19,          75,99,     496,,
Sandwich,02610000,ELA,         548,53,         109,11,         439,43,         370,36,         112,11,"       1,030",99,     501,          52,         823
Sandwich,02610000,MATH,         554,54,         108,11,         446,43,         379,37,          95,9,"       1,028",99,     503,          52,         826
Sandwich,02610000,SCI,         190,56,          43,13,         147,43,         112,33,          39,11,         341,98,     502,,
Saugus,02620000,ELA,         317,26,          21,2,         296,24,         592,48,         313,26,"       1,222",99,     485,          42,         923
Saugus,02620000,MATH,         411,34,          43,4,         368,30,         560,46,         238,20,"       1,209",97,     491,          51,         917
Saugus,02620000,SCI,         127,33,          13,3,         114,30,         171,45,          83,22,         381,95,     490,,
Savoy,02630000,ELA,           6,38,           0,0,           6,38,          10,63,           0,0,          16,100,     498,,          14
Savoy,02630000,MATH,           5,31,           0,0,           5,31,          11,69,           0,0,          16,100,     492,,          14
Scituate,02640000,ELA,         772,61,         160,13,         612,48,         428,34,          69,5,"       1,269",99,     506,          52,"       1,034"
Scituate,02640000,MATH,         780,61,         151,12,         629,49,         440,35,          55,4,"       1,275",99,     507,          52,"       1,042"
Scituate,02640000,SCI,         267,64,          57,14,         210,51,         130,31,          18,4,         415,99,     507,,
Seekonk,02650000,ELA,         501,49,          84,8,         417,41,         403,39,         118,12,"       1,022",100,     500,          52,         809
Seekonk,02650000,MATH,         535,52,          74,7,         461,45,         400,39,          86,8,"       1,021",100,     501,          51,         806
Seekonk,02650000,SCI,         182,53,          29,8,         153,45,         137,40,          24,7,         343,100,     502,,
Sharon,02660000,ELA,"       1,044",67,         208,13,         836,54,         425,27,          84,5,"       1,553",99,     508,          53,"       1,276"
Sharon,02660000,MATH,"       1,060",68,         328,21,         732,47,         416,27,          77,5,"       1,553",99,     512,          51,"       1,279"
Sharon,02660000,SCI,         392,72,         104,19,         288,53,         121,22,          30,6,         543,99,     511,,
Sherborn,02690000,ELA,         150,70,          31,14,         119,55,          55,26,          10,5,         215,99,     509,          59,         138
Sherborn,02690000,MATH,         142,66,          22,10,         120,56,          64,30,           8,4,         214,99,     507,          57,         138
Sherborn,02690000,SCI,          54,72,          13,17,          41,55,          18,24,           3,4,          75,99,     510,,
Shrewsbury,02710000,ELA,"       1,535",58,         308,12,"       1,227",46,         871,33,         260,10,"       2,666",100,     504,          52,"       2,099"
Shrewsbury,02710000,MATH,"       1,767",66,         494,19,"       1,273",48,         667,25,         230,9,"       2,664",100,     509,          55,"       2,113"
Shrewsbury,02710000,SCI,         543,59,         103,11,         440,47,         282,30,         102,11,         927,100,     502,,
Shutesbury,02720000,ELA,          35,57,           6,10,          29,48,          25,41,           1,2,          61,100,     504,          50,          41
Shutesbury,02720000,MATH,          36,59,           4,7,          32,52,          25,41,           0,0,          61,100,     505,          54,          41
Shutesbury,02720000,SCI,          12,75,           1,6,          11,69,           4,25,           0,0,          16,100,     507,,
Silver Lake,07600000,ELA,         236,44,          41,8,         195,36,         230,43,          69,13,         535,98,     497,          43,         520
Silver Lake,07600000,MATH,         258,48,          32,6,         226,42,         225,42,          53,10,         536,99,     499,          55,         522
Silver Lake,07600000,SCI,          88,32,           9,3,          79,29,         138,51,          46,17,         272,99,     490,,
Sizer School: A North Central Charter Essential (District),04740000,ELA,          57,52,           9,8,          48,44,          36,33,          17,15,         110,97,     498,          48,          92
Sizer School: A North Central Charter Essential (District),04740000,MATH,          31,29,           2,2,          29,27,          59,55,          18,17,         108,96,     488,          50,          91
Sizer School: A North Central Charter Essential (District),04740000,SCI,          17,26,           0,0,          17,26,          38,58,          11,17,          66,93,     488,,
Somerset,02730000,ELA,         478,43,          60,5,         418,38,         453,41,         168,15,"       1,099",100,     495,          48,         885
Somerset,02730000,MATH,         492,45,          56,5,         436,40,         475,43,         131,12,"       1,098",100,     497,          47,         886
Somerset,02730000,SCI,         190,51,          20,5,         170,45,         147,39,          38,10,         375,99,     499,,
Somerville,02740000,ELA,         816,39,         208,10,         608,29,         696,34,         558,27,"       2,070",99,     491,          51,"       1,557"
Somerville,02740000,MATH,         679,33,         168,8,         511,25,         771,37,         634,30,"       2,084",99,     488,          51,"       1,576"
Somerville,02740000,SCI,         279,40,          73,11,         206,30,         229,33,         184,27,         692,97,     492,,
South Hadley,02780000,ELA,         262,35,          30,4,         232,31,         328,44,         154,21,         744,99,     491,          53,         570
South Hadley,02780000,MATH,         233,31,          35,5,         198,27,         355,48,         159,21,         747,99,     489,          44,         570
South Hadley,02780000,SCI,          95,41,          11,5,          84,36,          97,42,          41,18,         233,97,     494,,
South Shore Charter Public (District),04880000,ELA,         221,45,          28,6,         193,39,         183,37,          91,18,         495,100,     494,          52,         384
South Shore Charter Public (District),04880000,MATH,         176,36,          29,6,         147,30,         226,46,          91,18,         493,99,     492,          41,         384
South Shore Charter Public (District),04880000,SCI,          61,37,           9,5,          52,31,          74,45,          31,19,         166,99,     493,,
Southampton,02750000,ELA,         105,44,          13,5,          92,38,         106,44,          30,12,         241,99,     496,          52,         171
Southampton,02750000,MATH,         136,56,          22,9,         114,47,          87,36,          19,8,         242,99,     503,          60,         172
Southampton,02750000,SCI,          48,77,          12,19,          36,58,          14,23,           0,0,          62,100,     514,,
Southborough,02760000,ELA,         581,72,         141,18,         440,55,         186,23,          38,5,         805,98,     511,          54,         648
Southborough,02760000,MATH,         588,74,         185,23,         403,50,         177,22,          34,4,         799,97,     514,          44,         645
Southborough,02760000,SCI,         207,74,          55,20,         152,55,          62,22,           9,3,         278,98,     511,,
Southbridge,02770000,ELA,         112,14,          14,2,          98,12,         333,40,         378,46,         823,99,     475,          48,         594
Southbridge,02770000,MATH,          83,10,           6,1,          77,9,         337,41,         403,49,         823,99,     473,          50,         594
Southbridge,02770000,SCI,          31,11,           0,0,          31,11,         129,44,         130,45,         290,98,     473,,
Southern Berkshire,07650000,ELA,          99,36,          18,7,          81,30,         118,43,          55,20,         272,98,     493,          51,         194
Southern Berkshire,07650000,MATH,         106,40,          17,6,          89,33,         110,41,          52,19,         268,97,     493,          46,         192
Southern Berkshire,07650000,SCI,          33,38,           2,2,          31,35,          43,49,          12,14,          88,99,     492,,
Southwick-Tolland-Granville Regional School District,07660000,ELA,         217,37,          21,4,         196,34,         270,46,          96,16,         583,99,     493,          46,         468
Southwick-Tolland-Granville Regional School District,07660000,MATH,         227,39,          26,5,         201,35,         257,45,          93,16,         577,98,     493,          43,         465
Southwick-Tolland-Granville Regional School District,07660000,SCI,          71,34,           9,4,          62,30,         107,52,          28,14,         206,98,     493,,
Spencer-E Brookfield,07670000,ELA,         151,22,          14,2,         137,20,         343,50,         188,28,         682,99,     484,          44,         521
Spencer-E Brookfield,07670000,MATH,         134,20,          13,2,         121,18,         354,53,         182,27,         670,98,     484,          47,         512
Spencer-E Brookfield,07670000,SCI,          68,29,           4,2,          64,27,         110,46,          60,25,         238,98,     486,,
Springfield,02810000,ELA,"       2,065",22,         180,2,"       1,885",20,"       4,137",44,"       3,139",34,"       9,341",99,     482,          47,"       6,525"
Springfield,02810000,MATH,"       1,596",17,         147,2,"       1,449",16,"       4,300",46,"       3,425",37,"       9,321",99,     480,          46,"       6,527"
Springfield,02810000,SCI,         633,21,          74,2,         559,19,"       1,343",45,"       1,036",34,"       3,012",96,     482,,
Springfield International Charter (District),04410000,ELA,         157,21,          13,2,         144,19,         356,48,         234,31,         747,99,     481,          42,         611
Springfield International Charter (District),04410000,MATH,          75,10,           2,0,          73,10,         370,50,         301,40,         746,99,     476,          40,         609
Springfield International Charter (District),04410000,SCI,          48,20,           4,2,          44,18,         114,48,          77,32,         239,95,     481,,
Springfield Preparatory Charter School (District),35100000,ELA,         161,50,          17,5,         144,45,         130,40,          30,9,         321,100,     499,          58,         262
Springfield Preparatory Charter School (District),35100000,MATH,         164,51,          22,7,         142,44,         133,41,          24,7,         321,100,     500,          54,         261
Springfield Preparatory Charter School (District),35100000,SCI,          58,54,           8,7,          50,47,          41,38,           8,7,         107,100,     501,,
Stoneham,02840000,ELA,         479,45,          89,8,         390,37,         423,40,         154,15,"       1,056",100,     497,          47,         824
Stoneham,02840000,MATH,         460,43,          78,7,         382,36,         467,44,         132,12,"       1,059",100,     498,          46,         827
Stoneham,02840000,SCI,         179,51,          32,9,         147,42,         140,40,          33,9,         352,99,     500,,
Stoughton,02850000,ELA,         596,37,          82,5,         514,32,         690,43,         310,19,"       1,596",99,     492,          46,"       1,187"
Stoughton,02850000,MATH,         584,37,          67,4,         517,33,         757,48,         249,16,"       1,590",99,     493,          48,"       1,199"
Stoughton,02850000,SCI,         200,38,          27,5,         173,33,         232,44,          96,18,         528,98,     492,,
Sturbridge,02870000,ELA,         219,46,          21,4,         198,42,         209,44,          44,9,         472,99,     498,          46,         332
Sturbridge,02870000,MATH,         257,54,          40,8,         217,46,         167,35,          48,10,         472,100,     502,          55,         332
Sturbridge,02870000,SCI,          74,54,          17,13,          57,42,          49,36,          13,10,         136,100,     503,,
Sudbury,02880000,ELA,"       1,176",71,         302,18,         874,52,         401,24,          88,5,"       1,665",99,     511,          59,"       1,334"
Sudbury,02880000,MATH,"       1,216",73,         315,19,         901,54,         379,23,          74,4,"       1,669",100,     512,          58,"       1,339"
Sudbury,02880000,SCI,         431,73,         109,19,         322,55,         132,22,          24,4,         587,100,     512,,
Sunderland,02890000,ELA,          37,44,           3,4,          34,40,          31,37,          16,19,          84,100,     494,          46,          57
Sunderland,02890000,MATH,          40,48,           6,7,          34,41,          27,33,          16,19,          83,99,     497,          46,          57
Sunderland,02890000,SCI,          11,46,           3,13,           8,33,          10,42,           3,13,          24,100,     494,,
Sutton,02900000,ELA,         253,42,          22,4,         231,39,         269,45,          77,13,         599,99,     495,          53,         480
Sutton,02900000,MATH,         249,42,          25,4,         224,38,         284,48,          63,11,         596,98,     496,          53,         480
Sutton,02900000,SCI,          79,42,           6,3,          73,39,          91,48,          18,10,         188,99,     497,,
Swampscott,02910000,ELA,         408,46,          44,5,         364,41,         356,40,         124,14,         888,99,     496,          43,         693
Swampscott,02910000,MATH,         400,45,          50,6,         350,40,         377,43,         109,12,         886,98,     497,          47,         694
Swampscott,02910000,SCI,         141,48,          19,6,         122,41,         115,39,          40,14,         296,97,     497,,
Swansea,02920000,ELA,         406,42,          41,4,         365,37,         408,42,         163,17,         977,99,     494,          46,         773
Swansea,02920000,MATH,         418,43,          64,7,         354,36,         448,46,         110,11,         976,99,     497,          53,         773
Swansea,02920000,SCI,         167,50,          24,7,         143,43,         124,37,          45,13,         336,98,     498,,
TEC Connections Academy Commonwealth Virtual School District,39020000,ELA,         273,28,          43,4,         230,23,         465,47,         253,26,         991,94,     486,          45,         551
TEC Connections Academy Commonwealth Virtual School District,39020000,MATH,         197,20,          14,1,         183,19,         433,44,         358,36,         988,94,     480,          42,         540
TEC Connections Academy Commonwealth Virtual School District,39020000,SCI,         119,29,          21,5,          98,24,         180,44,         111,27,         410,92,     487,,
Tantasqua,07700000,ELA,         252,44,          51,9,         201,35,         244,42,          81,14,         577,99,     496,          41,         554
Tantasqua,07700000,MATH,         257,44,          49,8,         208,36,         250,43,          72,12,         579,99,     497,          37,         556
Tantasqua,07700000,SCI,         134,46,          21,7,         113,39,         125,43,          32,11,         291,97,     498,,
Taunton,02930000,ELA,"       1,112",30,         111,3,"       1,001",27,"       1,587",43,         993,27,"       3,692",98,     486,          47,"       2,761"
Taunton,02930000,MATH,         859,23,          89,2,         770,21,"       1,743",47,"       1,104",30,"       3,706",99,     484,          45,"       2,790"
Taunton,02930000,SCI,         296,24,          36,3,         260,21,         557,45,         374,30,"       1,227",97,     484,,
Tewksbury,02950000,ELA,         703,45,         111,7,         592,38,         631,40,         234,15,"       1,568",99,     496,          52,"       1,253"
Tewksbury,02950000,MATH,         646,41,          82,5,         564,36,         704,45,         224,14,"       1,574",100,     495,          51,"       1,262"
Tewksbury,02950000,SCI,         230,43,          34,6,         196,37,         233,44,          70,13,         533,99,     496,,
Tisbury,02960000,ELA,          76,38,           7,4,          69,35,          86,43,          36,18,         198,100,     491,          44,         135
Tisbury,02960000,MATH,          70,36,           8,4,          62,31,         109,55,          18,9,         197,99,     494,          32,         123
Tisbury,02960000,SCI,          23,36,           2,3,          21,33,          29,45,          12,19,          64,100,     491,,
Topsfield,02980000,ELA,         203,60,          27,8,         176,52,         121,36,          14,4,         338,98,     505,          49,         242
Topsfield,02980000,MATH,         187,55,          24,7,         163,48,         134,40,          17,5,         338,98,     503,          51,         242
Topsfield,02980000,SCI,          63,73,          13,15,          50,58,          21,24,           2,2,          86,98,     509,,
Triton,07730000,ELA,         474,50,          82,9,         392,42,         353,38,         114,12,         941,99,     499,          54,         728
Triton,07730000,MATH,         472,50,          74,8,         398,42,         385,41,          84,9,         941,99,     500,          55,         729
Triton,07730000,SCI,         174,53,          37,11,         137,42,         119,36,          37,11,         330,98,     501,,
Truro,03000000,ELA,          14,48,           0,0,          14,48,          14,48,           1,3,          29,97,     501,,          19
Truro,03000000,MATH,          17,57,           3,10,          14,47,           9,30,           4,13,          30,100,     502,,          19
Truro,03000000,SCI,           7,70,           2,20,           5,50,           3,30,           0,0,          10,100,     510,,
Tyngsborough,03010000,ELA,         277,37,          25,3,         252,34,         362,48,         109,15,         748,99,     493,          51,         576
Tyngsborough,03010000,MATH,         309,41,          37,5,         272,36,         347,46,          94,13,         750,99,     495,          58,         583
Tyngsborough,03010000,SCI,         105,42,          18,7,          87,35,         121,48,          24,10,         250,99,     497,,
UP Academy Charter School of Dorchester (District),35050000,ELA,          85,22,           6,2,          79,21,         184,48,         113,30,         382,99,     483,          62,         300
UP Academy Charter School of Dorchester (District),35050000,MATH,          47,12,           3,1,          44,12,         213,56,         121,32,         381,99,     480,          57,         300
UP Academy Charter School of Dorchester (District),35050000,SCI,          16,13,           1,1,          15,12,          68,56,          37,31,         121,98,     480,,
Up-Island Regional,07740000,ELA,         130,51,          33,13,          97,38,          88,35,          36,14,         254,99,     501,          56,         211
Up-Island Regional,07740000,MATH,         132,52,          24,9,         108,42,         108,42,          15,6,         255,99,     502,          56,         211
Up-Island Regional,07740000,SCI,          49,65,           6,8,          43,57,          21,28,           5,7,          75,99,     504,,
Uxbridge,03040000,ELA,         301,42,          31,4,         270,38,         306,43,         112,16,         719,100,     493,          45,         555
Uxbridge,03040000,MATH,         304,42,          35,5,         269,37,         322,45,          93,13,         719,99,     495,          51,         556
Uxbridge,03040000,SCI,          85,36,          13,5,          72,30,         111,47,          41,17,         237,96,     491,,
Veritas Preparatory Charter School (District),04980000,ELA,          98,25,           9,2,          89,22,         187,47,         115,29,         400,100,     484,          42,         378
Veritas Preparatory Charter School (District),04980000,MATH,         133,33,          24,6,         109,27,         180,45,          87,22,         400,100,     490,          56,         378
Veritas Preparatory Charter School (District),04980000,SCI,          29,15,           0,0,          29,15,         102,52,          67,34,         198,100,     478,,
Wachusett,07750000,ELA,"       1,656",53,         243,8,"       1,413",45,"       1,222",39,         271,9,"       3,149",99,     501,          50,"       2,511"
Wachusett,07750000,MATH,"       1,751",56,         289,9,"       1,462",46,"       1,177",37,         224,7,"       3,152",99,     503,          53,"       2,516"
Wachusett,07750000,SCI,         588,56,         101,10,         487,46,         384,37,          78,7,"       1,050",99,     502,,
Wakefield,03050000,ELA,         883,55,         152,9,         731,46,         551,34,         171,11,"       1,605",99,     502,          53,"       1,283"
Wakefield,03050000,MATH,         852,53,         151,9,         701,44,         596,37,         162,10,"       1,610",99,     501,          51,"       1,284"
Wakefield,03050000,SCI,         293,56,          59,11,         234,44,         179,34,          55,10,         527,99,     502,,
Wales,03060000,ELA,          13,27,           0,0,          13,27,          28,58,           7,15,          48,100,     486,          40,          36
Wales,03060000,MATH,          16,33,           1,2,          15,31,          25,52,           7,15,          48,100,     492,          41,          36
Wales,03060000,SCI,           3,18,           0,0,           3,18,          13,76,           1,6,          17,100,     487,,
Walpole,03070000,ELA,         980,56,         177,10,         803,46,         622,35,         160,9,"       1,762",99,     503,          47,"       1,406"
Walpole,03070000,MATH,"       1,122",64,         282,16,         840,48,         539,31,         101,6,"       1,762",99,     508,          50,"       1,406"
Walpole,03070000,SCI,         293,51,          57,10,         236,41,         236,41,          41,7,         570,99,     501,,
Waltham,03080000,ELA,"       1,016",41,         202,8,         814,33,         939,38,         531,21,"       2,486",99,     493,          57,"       1,887"
Waltham,03080000,MATH,         972,39,         159,6,         813,33,"       1,042",42,         466,19,"       2,480",99,     494,          57,"       1,893"
Waltham,03080000,SCI,         251,30,          48,6,         203,25,         365,44,         208,25,         824,99,     488,,
Ware,03090000,ELA,         143,29,          11,2,         132,27,         219,45,         127,26,         489,99,     486,          45,         387
Ware,03090000,MATH,         113,23,           8,2,         105,22,         250,51,         125,26,         488,100,     484,          45,         389
Ware,03090000,SCI,          57,34,           7,4,          50,30,          74,44,          36,22,         167,99,     490,,
Wareham,03100000,ELA,         274,31,          24,3,         250,28,         438,49,         179,20,         891,98,     489,          51,         636
Wareham,03100000,MATH,         260,29,          28,3,         232,26,         447,51,         175,20,         882,97,     490,          49,         627
Wareham,03100000,SCI,          78,31,           5,2,          73,29,         125,49,          52,20,         255,94,     489,,
Warwick,03120000,ELA,           5,28,           0,0,           5,28,           7,39,           6,33,          18,100,     482,,          12
Warwick,03120000,MATH,           2,11,           0,0,           2,11,          10,56,           6,33,          18,100,     477,,          12
Watertown,03140000,ELA,         576,48,          93,8,         483,40,         433,36,         201,17,"       1,210",99,     496,          52,         897
Watertown,03140000,MATH,         583,48,         110,9,         473,39,         446,37,         180,15,"       1,209",99,     498,          54,         909
Watertown,03140000,SCI,         203,51,          46,12,         157,40,         128,32,          65,16,         396,99,     499,,
Wayland,03150000,ELA,         953,73,         219,17,         734,56,         307,23,          51,4,"       1,311",99,     511,          56,"       1,059"
Wayland,03150000,MATH,         981,75,         324,25,         657,50,         285,22,          45,3,"       1,311",99,     515,          55,"       1,063"
Wayland,03150000,SCI,         325,77,         121,29,         204,49,          83,20,          12,3,         420,99,     516,,
Webster,03160000,ELA,         160,19,           4,0,         156,19,         402,49,         266,32,         828,99,     481,          42,         627
Webster,03160000,MATH,         170,20,          12,1,         158,19,         413,50,         251,30,         834,99,     482,          46,         626
Webster,03160000,SCI,          38,15,           0,0,          38,15,         134,52,          88,34,         260,89,     479,,
Wellesley,03170000,ELA,"       1,348",75,         425,24,         923,51,         373,21,          79,4,"       1,800",99,     514,          57,"       1,398"
Wellesley,03170000,MATH,"       1,338",74,         416,23,         922,51,         378,21,          83,5,"       1,799",99,     514,          52,"       1,402"
Wellesley,03170000,SCI,         454,76,         163,27,         291,49,         114,19,          31,5,         599,99,     515,,
Wellfleet,03180000,ELA,          29,54,           3,6,          26,48,          22,41,           3,6,          54,98,     500,          65,          29
Wellfleet,03180000,MATH,          19,35,           3,6,          16,30,          31,57,           4,7,          54,98,     496,          50,          28
Wellfleet,03180000,SCI,           9,56,           0,0,           9,56,           6,38,           1,6,          16,100,     498,,
West Boylston,03220000,ELA,         188,45,          38,9,         150,36,         183,43,          51,12,         422,100,     497,          50,         329
West Boylston,03220000,MATH,         243,58,          48,11,         195,47,         138,33,          38,9,         419,99,     504,          53,         328
West Boylston,03220000,SCI,          67,50,          12,9,          55,41,          49,36,          19,14,         135,99,     499,,
West Bridgewater,03230000,ELA,         270,42,          30,5,         240,38,         290,45,          79,12,         639,98,     495,          47,         522
West Bridgewater,03230000,MATH,         259,40,          28,4,         231,36,         330,51,          56,9,         645,99,     496,          49,         526
West Bridgewater,03230000,SCI,          80,39,           7,3,          73,36,         102,50,          23,11,         205,97,     494,,
West Springfield,03320000,ELA,         609,35,          74,4,         535,31,         712,41,         427,24,"       1,748",100,     489,          47,"       1,314"
West Springfield,03320000,MATH,         606,35,          85,5,         521,30,         784,45,         354,20,"       1,744",99,     491,          46,"       1,340"
West Springfield,03320000,SCI,         186,31,          24,4,         162,27,         256,43,         149,25,         591,99,     488,,
Westborough,03210000,ELA,"       1,097",65,         272,16,         825,49,         457,27,         145,9,"       1,699",99,     507,          59,"       1,299"
Westborough,03210000,MATH,"       1,171",69,         364,21,         807,47,         406,24,         130,8,"       1,707",99,     511,          62,"       1,327"
Westborough,03210000,SCI,         367,63,         101,17,         266,46,         161,28,          53,9,         581,99,     507,,
Westfield,03250000,ELA,         715,35,          67,3,         648,31,         905,44,         450,22,"       2,070",99,     489,          47,"       1,600"
Westfield,03250000,MATH,         709,34,          89,4,         620,30,         978,47,         373,18,"       2,060",99,     491,          51,"       1,619"
Westfield,03250000,SCI,         260,38,          25,4,         235,34,         310,45,         123,18,         693,97,     492,,
Westford,03260000,ELA,"       1,302",62,         258,12,"       1,044",50,         636,30,         166,8,"       2,104",99,     505,          52,"       1,694"
Westford,03260000,MATH,"       1,467",70,         397,19,"       1,070",51,         495,24,         142,7,"       2,104",99,     510,          54,"       1,696"
Westford,03260000,SCI,         488,69,         124,18,         364,51,         168,24,          52,7,         708,99,     508,,
Westhampton,03270000,ELA,          21,45,           1,2,          20,43,          18,38,           8,17,          47,96,     496,          62,          31
Westhampton,03270000,MATH,          24,49,           2,4,          22,45,          18,37,           7,14,          49,98,     498,          55,          32
Westhampton,03270000,SCI,           6,60,           0,0,           6,60,           3,30,           1,10,          10,100,     507,,
Weston,03300000,ELA,         718,76,         224,24,         494,52,         183,19,          41,4,         942,99,     514,          55,         710
Weston,03300000,MATH,         724,77,         248,26,         476,50,         181,19,          40,4,         945,100,     516,          51,         711
Weston,03300000,SCI,         236,74,          72,23,         164,52,          66,21,          15,5,         317,99,     512,,
Westport,03310000,ELA,         230,32,          10,1,         220,30,         365,50,         134,18,         729,100,     490,          43,         580
Westport,03310000,MATH,         211,29,          21,3,         190,26,         380,52,         136,19,         727,99,     490,          42,         581
Westport,03310000,SCI,         106,43,          14,6,          92,37,         110,45,          31,13,         247,99,     496,,
Westwood,03350000,ELA,         940,71,         293,22,         647,49,         295,22,          80,6,"       1,315",99,     513,          56,"       1,046"
Westwood,03350000,MATH,         950,72,         293,22,         657,50,         283,21,          86,7,"       1,319",100,     513,          53,"       1,051"
Westwood,03350000,SCI,         301,76,          99,25,         202,51,          77,19,          19,5,         397,100,     514,,
Weymouth,03360000,ELA,"       1,054",44,         187,8,         867,36,         914,38,         435,18,"       2,403",99,     495,          50,"       1,860"
Weymouth,03360000,MATH,         896,37,         128,5,         768,32,"       1,046",44,         453,19,"       2,395",99,     493,          43,"       1,862"
Weymouth,03360000,SCI,         271,34,          34,4,         237,30,         357,45,         160,20,         788,98,     490,,
Whately,03370000,ELA,          32,52,           1,2,          31,51,          25,41,           4,7,          61,100,     501,          54,          47
Whately,03370000,MATH,          36,59,           4,7,          32,52,          19,31,           6,10,          61,100,     501,          73,          48
Whately,03370000,SCI,           9,56,           1,6,           8,50,           4,25,           3,19,          16,100,     497,,
Whitman-Hanson,07800000,ELA,         652,41,          64,4,         588,37,         661,42,         273,17,"       1,586",99,     493,          45,"       1,254"
Whitman-Hanson,07800000,MATH,         641,40,          71,4,         570,36,         692,44,         252,16,"       1,585",99,     494,          45,"       1,259"
Whitman-Hanson,07800000,SCI,         250,45,          22,4,         228,41,         235,42,          73,13,         558,99,     495,,
Williamsburg,03400000,ELA,          41,65,           7,11,          34,54,          16,25,           6,10,          63,100,     508,          62,          44
Williamsburg,03400000,MATH,          47,76,          15,24,          32,52,          12,19,           3,5,          62,98,     516,          72,          43
Williamsburg,03400000,SCI,          15,83,           2,11,          13,72,           3,17,           0,0,          18,95,     513,,
Wilmington,03420000,ELA,         645,47,          93,7,         552,40,         579,42,         151,11,"       1,375",99,     498,          48,"       1,110"
Wilmington,03420000,MATH,         742,54,         144,10,         598,43,         514,37,         129,9,"       1,385",99,     502,          51,"       1,121"
Wilmington,03420000,SCI,         249,56,          59,13,         190,43,         144,32,          53,12,         446,99,     502,,
Winchendon,03430000,ELA,         149,26,           6,1,         143,25,         298,52,         129,22,         576,98,     486,          45,         424
Winchendon,03430000,MATH,         110,19,           6,1,         104,18,         312,55,         145,26,         567,97,     483,          52,         417
Winchendon,03430000,SCI,          66,38,           2,1,          64,37,          81,46,          28,16,         175,93,     492,,
Winchester,03440000,ELA,"       1,436",71,         383,19,"       1,053",52,         493,24,         104,5,"       2,033",99,     511,          58,"       1,606"
Winchester,03440000,MATH,"       1,501",74,         485,24,"       1,016",50,         454,22,          79,4,"       2,034",99,     514,          60,"       1,612"
Winchester,03440000,SCI,         560,77,         184,25,         376,52,         142,20,          25,3,         727,99,     515,,
Winthrop,03460000,ELA,         395,44,          67,7,         328,36,         335,37,         176,19,         906,99,     494,          53,         686
Winthrop,03460000,MATH,         382,42,          59,6,         323,36,         378,42,         148,16,         908,100,     495,          59,         699
Winthrop,03460000,SCI,         131,42,          16,5,         115,37,         136,44,          45,14,         312,100,     495,,
Woburn,03470000,ELA,         694,35,          83,4,         611,31,         834,42,         448,23,"       1,976",99,     490,          44,"       1,467"
Woburn,03470000,MATH,         641,32,          84,4,         557,28,         910,46,         431,22,"       1,982",99,     490,          46,"       1,482"
Woburn,03470000,SCI,         246,37,          33,5,         213,32,         274,41,         151,23,         671,99,     491,,
Worcester,03480000,ELA,"       2,629",26,         314,3,"       2,315",23,"       4,117",40,"       3,424",34,"      10,170",99,     483,          49,"       7,243"
Worcester,03480000,MATH,"       2,394",24,         268,3,"       2,126",21,"       4,620",46,"       3,134",31,"      10,148",99,     484,          49,"       7,305"
Worcester,03480000,SCI,         758,23,          78,2,         680,20,"       1,463",44,"       1,123",34,"       3,344",98,     482,,
Worcester Cultural Academy Charter Public School (District),35190000,ELA,          16,20,           0,0,          16,20,          40,49,          26,32,          82,99,     481,          57,          39
Worcester Cultural Academy Charter Public School (District),35190000,MATH,           5,6,           0,0,           5,6,          47,57,          30,37,          82,99,     476,          54,          38
Worcester Cultural Academy Charter Public School (District),35190000,SCI,           6,35,           1,6,           5,29,           7,41,           4,24,          17,89,     488,,
Worthington,03490000,ELA,          11,33,           0,0,          11,33,          18,55,           4,12,          33,100,     489,          43,          25
Worthington,03490000,MATH,           7,21,           1,3,           6,18,          20,61,           6,18,          33,100,     486,          51,          25
Worthington,03490000,SCI,           2,15,           0,0,           2,15,           5,38,           6,46,          13,100,     479,,
Wrentham,03500000,ELA,         273,55,          36,7,         237,48,         188,38,          32,6,         493,98,     502,          50,         337
Wrentham,03500000,MATH,         291,59,          60,12,         231,47,         170,34,          32,6,         493,98,     506,          46,         339
Wrentham,03500000,SCI,          76,66,          22,19,          54,47,          35,30,           5,4,         116,97,     510,,
State,00000000,ELA,"     164,587",42,"      28,755",7,"     135,832",34,"     153,425",39,"      78,297",20,"     396,309",99,     494,          50,"     310,450"
State,00000000,MATH,"     161,477",41,"      31,114",8,"     130,363",33,"     160,412",40,"      74,459",19,"     396,348",99,     494,          50,"     312,253"
State,00000000,SCI,"      54,794",42,"      10,126",8,"      44,668",34,"      51,616",39,"      25,601",19,"     132,011",98,     494,,
