DISTRICT_NAME,DISTRICT_CODE,TOTAL_STUDENTS,PERCENTAGE_GRADUATED,PERCENTAGE_STILL_IN_SCHOOL,PERCENTAGE_NON_GRADUATE_COMPLETORS,PERCENTAGE_HS_EQUIVALENT,PERCENTAGE_DROPPED_OUT,PERCENTAGE_PERMANENTLY_EXCLUDED,IN_DISTRICT_EXPENDITURES,TOTAL_IN_DISTRICT_FTES,IN_DISTRICT_EXPENDITURES_PER_PUPIL,TOTAL_EXPENDITURES,TOTAL_PUPIL_FTES,TOTAL_EXPENDITURES_PER_PUPIL,SALARY_TOTALS,AVERAGE_SALARY,FTE_COUNT,ATTENDANCE_RATE,AVERAGE_NUMBER_ABSENCES,ABSENT_10_OR_MORE_DAYS,ABSENT_10_PERCENT_OR_MORE,ABSENT_20_PERCENT_OR_MORE,UNEXCUSED_OVER_9_DAYS,TOTAL_NUMBER_OF_STAFF,ATTENDANCE_RATE_PERCENTAGE,AVERAGE_NUMBER_OF_ABSENCES,ART_KINDERGARTEN,ART_FIRST_GRADE,ART_SECOND_GRADE,ART_THIRD_GRADE,ART_FOURTH_GRADE,ART_FIFTH_GRADE,ART_SIXTH_GRADE,ART_SEVENTH_GRADE,ART_EIGHTH_GRADE,ART_NINTH_GRADE,ART_TENTH_GRADE,ART_ELEVENTH_GRADE,ART_TWELVETH_GRADE,ART_ALL_GRADES,ELA_AVERAGE_SCALED_SCORE,MATH_AVERAGE_SCALED_SCORE,SCI_AVERAGE_SCALED_SCORE,ELA_E_NUMBER,MATH_E_NUMBER,SCI_E_NUMBER,ELA_E_PERCENTAGE,MATH_E_PERCENTAGE,SCI_E_PERCENTAGE,ELA_M_E_NUMBER,MATH_M_E_NUMBER,SCI_M_E_NUMBER,ELA_M_E_PERCENTAGE,MATH_M_E_PERCENTAGE,SCI_M_E_PERCENTAGE,ELA_M_NUMBER,MATH_M_NUMBER,SCI_M_NUMBER,ELA_M_PERCENTAGE,MATH_M_PERCENTAGE,SCI_M_PERCENTAGE,ELA_N_M_NUMBER,MATH_N_M_NUMBER,SCI_N_M_NUMBER,ELA_N_M_PERCENTAGE,MATH_N_M_PERCENTAGE,SCI_N_M_PERCENTAGE,ELA_PARTICIPATION_RATE_PERCENTAGE,MATH_PARTICIPATION_RATE_PERCENTAGE,SCI_PARTICIPATION_RATE_PERCENTAGE,ELA_P_M_NUMBER,MATH_P_M_NUMBER,SCI_P_M_NUMBER,ELA_P_M_PERCENTAGE,MATH_P_M_PERCENTAGE,SCI_P_M_PERCENTAGE,ELA_SGP,MATH_SGP,ELA_TOTAL_STUDENTS_INCLUDED,MATH_TOTAL_STUDENTS_INCLUDED,SCI_TOTAL_STUDENTS_INCLUDED,ELA_TOTAL_STUDENTS_INCLUDED_IN_SGP,MATH_TOTAL_STUDENTS_INCLUDED_IN_SGP,ART_PARTICIPATION_RATE
Greenfield,01140000,91,85.7,2.2,4.4,0.0,7.7,0.0,33786934.85,1394.0,24237.21,41494116.51,1869.4,22195.91,9552399.0,73650.0,129.7,92.0,13.3,46.8,26.6,8.6,29.7,324.0,91.8,14.3,104.0,93.0,119.0,117.0,112.0,117.0,114.0,97.0,86.0,51.0,41.0,42.0,48.0,1141.0,482.0,483.0,486.0,7.0,13.0,1.0,1.0,2.0,1.0,132.0,135.0,56.0,21.0,22.0,30.0,125.0,122.0,55.0,20.0,20.0,29.0,190.0,178.0,49.0,31.0,29.0,26.0,98.0,97.0,93.0,296.0,300.0,82.0,48.0,49.0,44.0,49.0,49.0,618.0,613.0,187.0,456.0,460.0,12.538461538461538
Lincoln-Sudbury,06950000,393,98.0,1.5,0.0,0.0,0.5,0.0,34755630.0,1437.2,24182.78,42619589.6,1495.2,28504.29,15008028.0,116612.0,128.7,95.8,7.6,22.6,6.8,1.8,0.3,239.0,93.7,12.2,,,,,,,,,,282.0,203.0,196.0,184.0,865.0,,,,,,,,,,,,,,,,,,,,,,,,,,,,,,,,,,,,,,,,,,,,2.2010178117048347
Lowell,01600000,909,80.2,5.9,0.9,0.7,12.3,0.0,322474271.9,14517.8,22212.37,378397226.8,17133.9,22084.74,107909355.0,93138.0,1158.6,92.6,12.7,46.9,21.4,6.3,32.0,2591.0,93.4,11.8,1153.0,1133.0,1108.0,1204.0,1221.0,1133.0,1256.0,1133.0,1176.0,199.0,327.0,381.0,418.0,11842.0,485.0,489.0,481.0,262.0,349.0,36.0,4.0,5.0,2.0,1866.0,2117.0,453.0,28.0,31.0,21.0,1604.0,1768.0,417.0,24.0,26.0,19.0,2108.0,1679.0,728.0,31.0,25.0,34.0,99.0,99.0,98.0,2779.0,2977.0,984.0,41.0,44.0,45.0,53.0,54.0,6753.0,6773.0,2165.0,4952.0,5039.0,13.027502750275028
Belchertown,00240000,146,89.7,2.1,0.7,0.0,7.5,0.0,36985235.11,2067.8,17886.42,40404666.93,2265.0,17838.71,14050637.0,82993.0,169.3,93.9,10.6,42.8,15.2,3.4,29.5,313.0,93.9,11.1,128.0,138.0,141.0,166.0,165.0,164.0,163.0,163.0,176.0,99.0,83.0,107.0,101.0,1794.0,498.0,492.0,495.0,68.0,21.0,12.0,7.0,2.0,4.0,443.0,325.0,136.0,46.0,34.0,42.0,375.0,304.0,124.0,39.0,31.0,38.0,115.0,159.0,40.0,12.0,16.0,12.0,96.0,96.0,96.0,406.0,482.0,149.0,42.0,50.0,46.0,53.0,49.0,964.0,966.0,325.0,756.0,761.0,12.287671232876713
South Hadley,02780000,134,92.5,3.0,1.5,0.0,3.0,0.0,32544367.87,1642.9,19809.43,39389551.05,1949.9,20200.44,11943486.0,78627.0,151.9,91.5,15.0,53.2,24.1,9.2,9.4,338.0,92.5,13.7,2.0,116.0,113.0,150.0,105.0,117.0,142.0,114.0,128.0,84.0,48.0,18.0,28.0,1165.0,491.0,489.0,494.0,30.0,35.0,11.0,4.0,5.0,5.0,262.0,233.0,95.0,35.0,31.0,41.0,232.0,198.0,84.0,31.0,27.0,36.0,154.0,159.0,41.0,21.0,21.0,18.0,99.0,99.0,97.0,328.0,355.0,97.0,44.0,48.0,42.0,53.0,44.0,744.0,747.0,233.0,570.0,570.0,8.694029850746269
Cape Cod Regional Vocational Technical,08150000,159,98.1,0.6,0.0,0.6,0.6,0.0,18621448.0,648.1,28730.4,18651585.9,652.5,28585.49,6087595.0,94528.0,64.4,95.0,8.9,33.8,11.6,1.7,1.5,117.0,93.3,12.0,,,,,,,,,,43.0,28.0,6.0,7.0,84.0,,,,,,,,,,,,,,,,,,,,,,,,,,,,,,,,,,,,,,,,,,,,0.5283018867924528
Whitman-Hanson,07800000,270,88.9,5.2,0.4,0.4,5.2,0.0,62467539.44,3455.3,18078.82,69176103.49,3622.9,19094.19,25818797.0,101369.0,254.7,93.3,11.6,47.2,19.4,5.0,28.9,522.0,93.2,12.4,251.0,263.0,238.0,275.0,237.0,274.0,235.0,263.0,285.0,105.0,141.0,128.0,177.0,2872.0,493.0,494.0,495.0,64.0,71.0,22.0,4.0,4.0,4.0,652.0,641.0,250.0,41.0,40.0,45.0,588.0,570.0,228.0,37.0,36.0,41.0,273.0,252.0,73.0,17.0,16.0,13.0,99.0,99.0,99.0,661.0,692.0,235.0,42.0,44.0,42.0,45.0,45.0,1586.0,1585.0,558.0,1254.0,1259.0,10.637037037037038
Libertas Academy Charter School (District),35140000,67,85.1,1.5,0.0,0.0,13.4,0.0,9706225.7,503.9,19261.06,9706225.7,503.9,19261.06,3413255.0,65637.0,53.1,91.9,13.9,57.9,27.1,6.9,2.8,117.0,96.8,5.9,,,,,,,93.0,92.0,95.0,38.0,84.0,27.0,33.0,462.0,496.0,498.0,493.0,14.0,14.0,0.0,5.0,5.0,0.0,118.0,136.0,27.0,44.0,51.0,31.0,104.0,122.0,27.0,39.0,46.0,31.0,29.0,28.0,12.0,11.0,11.0,14.0,99.0,99.0,97.0,121.0,102.0,49.0,45.0,38.0,56.0,66.0,75.0,268.0,266.0,88.0,245.0,242.0,6.895522388059701
Northampton,02100000,237,92.4,3.8,0.4,0.4,3.0,0.0,54903536.63,2562.4,21426.65,60727331.26,2846.2,21336.28,19192742.0,80036.0,239.8,93.8,10.8,41.4,15.9,4.7,30.8,511.0,90.6,16.5,0.0,159.0,185.0,164.0,176.0,201.0,168.0,171.0,184.0,110.0,170.0,127.0,116.0,1931.0,495.0,490.0,494.0,66.0,52.0,29.0,6.0,5.0,7.0,485.0,384.0,186.0,46.0,36.0,48.0,419.0,332.0,157.0,40.0,31.0,40.0,189.0,236.0,76.0,18.0,22.0,19.0,95.0,95.0,95.0,386.0,439.0,129.0,36.0,41.0,33.0,45.0,45.0,1060.0,1059.0,391.0,852.0,843.0,8.147679324894515
Norfolk County Agricultural,09150000,147,98.6,0.0,0.0,0.0,1.4,0.0,16151960.85,573.7,28155.66,16151960.85,573.7,28155.66,5343345.0,91810.0,58.2,93.3,11.9,49.5,19.9,2.5,33.4,87.0,94.9,9.7,,,,,,,,,,0.0,0.0,0.0,0.0,0.0,,,,,,,,,,,,,,,,,,,,,,,,,,,,,,,,,,,,,,,,,,,,0.0
Beverly,00300000,310,89.4,5.8,0.3,0.0,4.2,0.3,84199902.0,4528.2,18594.61,94776730.31,4712.3,20112.43,33287108.0,87991.0,378.3,92.1,14.0,58.4,24.8,5.4,29.0,662.0,93.4,12.0,354.0,340.0,351.0,339.0,353.0,367.0,329.0,358.0,316.0,163.0,265.0,225.0,172.0,3932.0,495.0,500.0,493.0,144.0,208.0,39.0,7.0,10.0,6.0,932.0,1056.0,282.0,45.0,51.0,43.0,788.0,848.0,243.0,38.0,41.0,37.0,360.0,297.0,119.0,17.0,14.0,18.0,99.0,99.0,95.0,777.0,718.0,256.0,38.0,35.0,39.0,46.0,49.0,2069.0,2071.0,657.0,1641.0,1645.0,12.683870967741935
Mashpee,01720000,117,89.7,6.0,0.0,0.9,3.4,0.0,35105403.71,1435.5,24455.84,38479651.02,1593.4,24148.93,11780798.0,87851.0,134.1,93.3,11.6,47.8,19.5,4.6,11.7,250.0,93.9,11.1,94.0,102.0,114.0,104.0,111.0,104.0,87.0,108.0,104.0,55.0,70.0,47.0,38.0,1138.0,491.0,491.0,493.0,19.0,20.0,14.0,3.0,3.0,7.0,204.0,198.0,80.0,34.0,33.0,39.0,185.0,178.0,66.0,31.0,30.0,32.0,101.0,96.0,37.0,17.0,16.0,18.0,99.0,99.0,98.0,293.0,300.0,87.0,49.0,51.0,43.0,47.0,47.0,598.0,594.0,204.0,478.0,475.0,9.726495726495726
Auburn,00170000,182,92.3,2.2,0.0,0.0,5.5,0.0,43762369.67,2487.8,17590.48,45098538.21,2536.2,17782.16,16071554.0,86267.0,186.3,94.5,9.6,38.7,12.6,2.2,25.4,402.0,93.7,11.3,147.0,145.0,175.0,179.0,174.0,199.0,208.0,195.0,224.0,85.0,143.0,138.0,142.0,2154.0,496.0,496.0,497.0,82.0,70.0,32.0,7.0,6.0,8.0,515.0,465.0,197.0,45.0,40.0,47.0,433.0,395.0,165.0,38.0,34.0,40.0,177.0,151.0,59.0,15.0,13.0,14.0,97.0,98.0,98.0,455.0,540.0,161.0,40.0,47.0,39.0,49.0,48.0,1147.0,1156.0,417.0,914.0,929.0,11.835164835164836
Winchester,03440000,329,96.0,1.8,0.0,0.3,1.8,0.0,80741779.67,4311.8,18725.77,87308028.52,4380.2,19932.59,35387846.0,103352.0,342.4,95.7,7.7,28.3,5.9,0.7,9.8,681.0,94.1,10.8,0.0,311.0,302.0,329.0,297.0,380.0,331.0,324.0,342.0,230.0,193.0,166.0,126.0,3331.0,511.0,514.0,515.0,383.0,485.0,184.0,19.0,24.0,25.0,1436.0,1501.0,560.0,71.0,74.0,77.0,1053.0,1016.0,376.0,52.0,50.0,52.0,104.0,79.0,25.0,5.0,4.0,3.0,99.0,99.0,99.0,493.0,454.0,142.0,24.0,22.0,20.0,58.0,60.0,2033.0,2034.0,727.0,1606.0,1612.0,10.124620060790274
Taunton,02930000,611,89.0,3.1,0.0,0.3,7.5,0.0,153095246.1,8112.7,18871.02,169407296.8,8647.5,19590.29,54009360.0,97034.0,556.6,92.3,13.2,48.8,23.8,7.3,39.1,1156.0,93.5,11.8,630.0,637.0,615.0,641.0,593.0,634.0,604.0,678.0,347.0,258.0,293.0,255.0,185.0,6370.0,486.0,484.0,484.0,111.0,89.0,36.0,3.0,2.0,3.0,1112.0,859.0,296.0,30.0,23.0,24.0,1001.0,770.0,260.0,27.0,21.0,21.0,993.0,1104.0,374.0,27.0,30.0,30.0,98.0,99.0,97.0,1587.0,1743.0,557.0,43.0,47.0,45.0,47.0,45.0,3692.0,3706.0,1227.0,2761.0,2790.0,10.425531914893616
Greater New Bedford Regional Vocational Technical,08250000,497,97.8,1.4,0.0,0.0,0.6,0.2,61919117.93,2127.1,29109.19,61965733.25,2135.6,29015.7,18060988.0,91867.0,196.6,96.0,7.1,24.6,8.1,1.9,11.0,289.0,92.9,13.6,,,,,,,,,,21.0,29.0,34.0,36.0,120.0,,,,,,,,,,,,,,,,,,,,,,,,,,,,,,,,,,,,,,,,,,,,0.2414486921529175
Southwick-Tolland-Granville Regional School District,07660000,86,96.5,3.5,0.0,0.0,0.0,0.0,26661633.62,1312.8,20308.38,29716848.73,1431.9,20753.07,9519730.0,79998.0,119.0,94.7,9.3,38.9,12.8,1.4,24.8,247.0,93.1,12.1,84.0,88.0,97.0,90.0,88.0,97.0,105.0,96.0,112.0,42.0,61.0,48.0,64.0,1072.0,493.0,493.0,493.0,21.0,26.0,9.0,4.0,5.0,4.0,217.0,227.0,71.0,37.0,39.0,34.0,196.0,201.0,62.0,34.0,35.0,30.0,96.0,93.0,28.0,16.0,16.0,14.0,99.0,98.0,98.0,270.0,257.0,107.0,46.0,45.0,52.0,46.0,43.0,583.0,577.0,206.0,468.0,465.0,12.465116279069768
Bellingham,00250000,166,88.0,5.4,0.0,0.6,6.0,0.0,41854655.05,2018.6,20734.72,50681157.32,2350.9,21558.48,15241357.0,98522.0,154.7,93.4,11.3,42.6,19.2,4.5,27.4,369.0,94.0,10.9,154.0,133.0,149.0,129.0,143.0,150.0,150.0,153.0,154.0,94.0,101.0,94.0,118.0,1722.0,487.0,490.0,492.0,24.0,38.0,15.0,3.0,4.0,5.0,247.0,292.0,112.0,28.0,33.0,36.0,223.0,254.0,97.0,25.0,28.0,31.0,223.0,192.0,57.0,25.0,22.0,19.0,98.0,99.0,97.0,416.0,408.0,139.0,47.0,46.0,45.0,43.0,46.0,886.0,892.0,308.0,697.0,701.0,10.373493975903614
Essex North Shore Agricultural and Technical School District,08170000,419,99.5,0.2,0.0,0.0,0.2,0.0,40319722.29,1703.4,23669.83,40982553.88,1716.8,23871.03,14886938.0,97747.0,152.3,94.2,10.2,40.7,12.6,2.9,16.3,269.0,94.4,10.4,,,,,,,,,,0.0,20.0,90.0,27.0,137.0,,,,,,,,,,,,,,,,,,,,,,,,,,,,,,,,,,,,,,,,,,,,0.3269689737470167
Stoneham,02840000,149,91.9,2.7,0.0,0.7,4.7,0.0,48412220.72,2293.2,21111.16,57023777.39,2538.2,22466.02,17160952.0,81293.0,211.1,93.8,10.8,41.9,15.2,4.1,0.0,435.0,93.1,12.4,197.0,197.0,189.0,186.0,187.0,171.0,176.0,158.0,180.0,134.0,112.0,117.0,104.0,2108.0,497.0,498.0,500.0,89.0,78.0,32.0,8.0,7.0,9.0,479.0,460.0,179.0,45.0,43.0,51.0,390.0,382.0,147.0,37.0,36.0,42.0,154.0,132.0,33.0,15.0,12.0,9.0,100.0,100.0,99.0,423.0,467.0,140.0,40.0,44.0,40.0,47.0,46.0,1056.0,1059.0,352.0,824.0,827.0,14.14765100671141
Hopkinton,01390000,331,95.8,3.6,0.3,0.0,0.3,0.0,72727145.94,4199.5,17317.87,77969648.42,4257.1,18315.15,31937006.0,109298.0,292.2,95.0,8.8,32.2,9.9,2.2,0.5,620.0,94.6,9.6,263.0,287.0,324.0,314.0,340.0,346.0,355.0,313.0,340.0,234.0,186.0,119.0,138.0,3559.0,511.0,518.0,513.0,351.0,645.0,161.0,18.0,32.0,24.0,1447.0,1570.0,516.0,72.0,79.0,76.0,1096.0,925.0,355.0,55.0,46.0,52.0,102.0,84.0,30.0,5.0,4.0,4.0,99.0,99.0,99.0,451.0,340.0,133.0,23.0,17.0,20.0,52.0,62.0,2000.0,1994.0,679.0,1616.0,1616.0,10.75226586102719
Shawsheen Valley Regional Vocational Technical,08710000,322,98.1,0.0,0.0,0.0,1.9,0.0,38578287.85,1272.1,30326.46,38589799.09,1273.9,30293.12,14944942.0,113305.0,131.9,94.6,9.6,33.4,12.6,3.0,0.0,215.0,93.2,12.4,,,,,,,,,,34.0,26.0,25.0,31.0,116.0,,,,,,,,,,,,,,,,,,,,,,,,,,,,,,,,,,,,,,,,,,,,0.36024844720496896
Old Rochester,07400000,152,96.1,2.6,0.7,0.0,0.7,0.0,22566902.0,1039.9,21700.1,22889575.0,1063.7,21518.74,8612151.0,96118.0,89.6,93.1,12.3,50.9,21.8,4.0,13.1,180.0,93.7,11.4,,,,,,,,209.0,191.0,117.0,82.0,74.0,85.0,758.0,499.0,497.0,497.0,33.0,21.0,7.0,8.0,5.0,4.0,198.0,167.0,86.0,49.0,42.0,44.0,165.0,146.0,79.0,41.0,37.0,40.0,39.0,38.0,15.0,10.0,10.0,8.0,100.0,100.0,99.0,164.0,195.0,95.0,41.0,49.0,48.0,43.0,39.0,401.0,400.0,196.0,385.0,384.0,4.9868421052631575
Lee,01500000,55,98.2,1.8,0.0,0.0,0.0,0.0,15540914.0,643.4,24154.78,17045831.08,745.9,22851.92,5948983.0,82282.0,72.3,94.3,9.9,37.7,9.7,3.2,9.6,141.0,91.5,15.9,32.0,48.0,47.0,40.0,45.0,45.0,55.0,69.0,50.0,44.0,31.0,26.0,36.0,568.0,492.0,492.0,494.0,15.0,10.0,5.0,5.0,3.0,5.0,105.0,97.0,36.0,35.0,32.0,37.0,90.0,87.0,31.0,30.0,29.0,32.0,50.0,40.0,9.0,17.0,13.0,9.0,98.0,99.0,100.0,148.0,168.0,52.0,49.0,55.0,54.0,50.0,48.0,303.0,305.0,97.0,238.0,240.0,10.327272727272728
Hatfield,01270000,20,90.0,0.0,0.0,0.0,10.0,0.0,8227483.0,332.4,24752.58,9287562.61,412.1,22535.15,3451994.0,87392.0,39.5,93.7,11.2,44.1,14.9,3.5,1.6,59.0,91.6,16.2,25.0,30.0,22.0,23.0,27.0,25.0,29.0,13.0,30.0,10.0,6.0,15.0,12.0,267.0,493.0,490.0,501.0,8.0,5.0,4.0,5.0,3.0,7.0,57.0,45.0,32.0,38.0,30.0,56.0,49.0,40.0,28.0,33.0,27.0,49.0,26.0,27.0,3.0,17.0,18.0,5.0,99.0,99.0,100.0,66.0,77.0,22.0,44.0,52.0,39.0,45.0,46.0,149.0,149.0,57.0,119.0,119.0,13.35
King Philip,06900000,277,95.3,2.2,0.0,0.4,2.2,0.0,39494489.86,1852.9,21315.47,46511548.59,1977.5,23520.95,12962682.0,91869.0,141.1,93.5,11.3,39.9,16.4,5.8,27.0,228.0,89.0,20.9,,,,,,,,353.0,280.0,157.0,129.0,108.0,162.0,1189.0,501.0,499.0,495.0,78.0,58.0,12.0,11.0,8.0,3.0,369.0,340.0,149.0,53.0,49.0,43.0,291.0,282.0,137.0,42.0,41.0,40.0,86.0,87.0,39.0,12.0,13.0,11.0,99.0,98.0,98.0,240.0,265.0,156.0,35.0,38.0,45.0,48.0,41.0,695.0,692.0,344.0,669.0,667.0,4.292418772563177
Greater Lawrence Regional Vocational Technical,08230000,424,99.5,0.0,0.0,0.0,0.5,0.0,53213624.0,1742.7,30534.67,53337423.12,1747.2,30527.41,17216013.0,104339.0,165.0,94.7,9.3,37.5,12.6,2.5,37.5,256.0,91.1,16.0,,,,,,,,,,0.0,0.0,0.0,0.0,0.0,,,,,,,,,,,,,,,,,,,,,,,,,,,,,,,,,,,,,,,,,,,,0.0
Boston,00350000,4154,81.3,9.5,0.1,0.3,8.8,0.0,1654097163.0,47146.9,35083.89,2043435201.0,60359.9,33854.18,583709620.0,133127.0,4384.6,90.0,17.2,57.0,33.0,12.3,41.3,9718.0,93.5,11.5,3324.0,3401.0,3405.0,3316.0,3224.0,3006.0,2178.0,2461.0,2336.0,1860.0,1566.0,1727.0,1967.0,33771.0,486.0,486.0,482.0,1014.0,1041.0,209.0,6.0,6.0,4.0,5184.0,4925.0,1280.0,29.0,28.0,22.0,4170.0,3884.0,1071.0,24.0,22.0,19.0,5695.0,5832.0,2006.0,32.0,33.0,35.0,98.0,99.0,97.0,6831.0,7035.0,2470.0,39.0,40.0,43.0,49.0,50.0,17710.0,17792.0,5756.0,12618.0,12832.0,8.129754453538759
Wayland,03150000,223,97.3,1.8,0.9,0.0,0.0,0.0,62471792.24,2760.0,22634.48,66445067.8,2809.5,23649.81,27842977.0,115723.0,240.6,95.6,7.9,28.1,7.8,1.2,1.4,514.0,94.7,9.7,166.0,195.0,183.0,210.0,230.0,206.0,200.0,252.0,214.0,151.0,101.0,75.0,96.0,2279.0,511.0,515.0,516.0,219.0,324.0,121.0,17.0,25.0,29.0,953.0,981.0,325.0,73.0,75.0,77.0,734.0,657.0,204.0,56.0,50.0,49.0,51.0,45.0,12.0,4.0,3.0,3.0,99.0,99.0,99.0,307.0,285.0,83.0,23.0,22.0,20.0,56.0,55.0,1311.0,1311.0,420.0,1059.0,1063.0,10.219730941704036
Agawam,00050000,239,92.5,2.5,0.0,0.8,4.2,0.0,73697806.62,3523.0,20918.95,80813510.4,3690.6,21896.84,28679589.0,103238.0,277.8,92.4,13.4,59.5,24.7,4.0,0.2,638.0,93.2,12.5,248.0,238.0,254.0,258.0,249.0,265.0,257.0,217.0,280.0,177.0,114.0,106.0,120.0,2783.0,490.0,491.0,491.0,39.0,55.0,19.0,3.0,4.0,4.0,522.0,501.0,205.0,34.0,33.0,38.0,483.0,446.0,186.0,32.0,29.0,34.0,295.0,258.0,98.0,19.0,17.0,18.0,99.0,99.0,99.0,713.0,773.0,237.0,47.0,50.0,44.0,45.0,48.0,1530.0,1532.0,540.0,1201.0,1216.0,11.644351464435147
Gill-Montague,06740000,49,81.6,4.1,0.0,0.0,14.3,0.0,23704971.2,899.8,26345.85,26964391.73,1127.2,23921.83,6753800.0,72002.0,93.8,92.6,12.7,50.6,22.2,6.4,36.7,203.0,90.0,18.3,71.0,48.0,62.0,80.0,57.0,62.0,67.0,70.0,65.0,47.0,44.0,35.0,25.0,733.0,483.0,484.0,485.0,12.0,7.0,6.0,3.0,2.0,4.0,103.0,92.0,43.0,24.0,22.0,32.0,91.0,85.0,37.0,22.0,20.0,27.0,128.0,114.0,42.0,30.0,27.0,31.0,98.0,97.0,94.0,190.0,214.0,50.0,45.0,51.0,37.0,43.0,46.0,421.0,420.0,135.0,318.0,315.0,14.959183673469388
Baystate Academy Charter Public School (District),35020000,43,86.0,0.0,0.0,0.0,4.7,9.3,9077463.08,398.2,22793.95,9077463.08,398.2,22793.95,2698299.0,46147.0,58.0,90.7,15.9,57.9,32.7,11.7,3.0,92.0,95.1,8.9,,,,,,,60.0,62.0,57.0,47.0,0.0,0.0,0.0,226.0,470.0,472.0,477.0,1.0,1.0,0.0,1.0,1.0,0.0,15.0,16.0,6.0,9.0,9.0,12.0,14.0,15.0,6.0,8.0,9.0,12.0,81.0,86.0,17.0,47.0,50.0,33.0,98.0,98.0,98.0,76.0,71.0,28.0,44.0,41.0,55.0,32.0,37.0,172.0,173.0,51.0,159.0,161.0,5.255813953488372
Prospect Hill Academy Charter (District),04870000,59,93.2,1.7,0.0,1.7,3.4,0.0,22919331.81,911.2,25154.01,22919331.81,911.2,25154.01,7513948.0,85572.0,98.2,94.1,10.3,38.5,16.9,3.7,0.7,172.0,94.9,9.3,0.0,0.0,0.0,0.0,0.0,0.0,0.0,63.0,68.0,61.0,0.0,1.0,0.0,193.0,487.0,481.0,479.0,17.0,10.0,1.0,4.0,3.0,1.0,110.0,75.0,21.0,28.0,19.0,15.0,93.0,65.0,20.0,23.0,16.0,14.0,104.0,138.0,45.0,26.0,35.0,33.0,100.0,100.0,98.0,183.0,182.0,72.0,46.0,46.0,52.0,52.0,54.0,397.0,395.0,138.0,305.0,305.0,3.2711864406779663
Milford,01850000,369,79.7,4.3,0.3,0.5,15.2,0.0,92973930.52,4431.5,20980.45,105451914.4,4914.4,21457.73,41674638.0,105452.0,395.2,92.3,12.9,46.4,23.1,7.7,32.9,771.0,98.5,2.6,327.0,335.0,344.0,355.0,342.0,326.0,297.0,287.0,316.0,209.0,172.0,131.0,130.0,3571.0,485.0,486.0,487.0,53.0,36.0,30.0,3.0,2.0,5.0,561.0,480.0,206.0,29.0,25.0,31.0,508.0,444.0,176.0,26.0,23.0,27.0,539.0,471.0,162.0,27.0,24.0,25.0,99.0,99.0,99.0,863.0,1005.0,288.0,44.0,51.0,44.0,49.0,52.0,1963.0,1956.0,656.0,1452.0,1457.0,9.677506775067751
Norton,02180000,171,93.0,0.6,0.6,0.6,5.3,0.0,46609733.64,2395.5,19457.11,52378688.11,2496.8,20978.19,18803585.0,98966.0,190.0,93.4,11.7,45.3,18.1,4.1,0.0,367.0,95.3,8.5,147.0,178.0,170.0,179.0,187.0,182.0,153.0,189.0,183.0,104.0,106.0,79.0,76.0,1933.0,494.0,493.0,489.0,45.0,37.0,9.0,4.0,4.0,3.0,405.0,358.0,116.0,38.0,34.0,34.0,360.0,321.0,107.0,34.0,31.0,32.0,152.0,149.0,75.0,14.0,14.0,22.0,97.0,96.0,90.0,498.0,538.0,147.0,47.0,51.0,43.0,47.0,43.0,1055.0,1045.0,338.0,841.0,830.0,11.304093567251462
Marshfield,01710000,324,95.7,2.5,0.0,0.6,1.2,0.0,71490755.8,3668.6,19487.03,76490761.52,3769.2,20293.64,29233798.0,89674.0,326.0,94.7,9.2,35.9,10.4,2.3,18.9,643.0,94.4,10.2,273.0,269.0,273.0,261.0,255.0,276.0,236.0,258.0,302.0,114.0,117.0,98.0,120.0,2852.0,501.0,503.0,500.0,122.0,141.0,47.0,8.0,9.0,8.0,813.0,874.0,286.0,52.0,56.0,50.0,691.0,733.0,239.0,44.0,47.0,42.0,131.0,97.0,39.0,8.0,6.0,7.0,98.0,98.0,98.0,623.0,593.0,245.0,40.0,38.0,43.0,48.0,48.0,1567.0,1564.0,570.0,1278.0,1277.0,8.802469135802468
Walpole,03070000,239,95.8,2.9,0.0,0.0,1.3,0.0,70326751.5,3646.5,19286.16,75906001.44,3739.6,20297.71,27938881.0,91393.0,305.7,95.5,8.0,28.7,7.0,1.5,18.1,556.0,93.6,11.5,260.0,278.0,286.0,291.0,326.0,302.0,298.0,272.0,260.0,163.0,172.0,169.0,196.0,3273.0,503.0,508.0,501.0,177.0,282.0,57.0,10.0,16.0,10.0,980.0,1122.0,293.0,56.0,64.0,51.0,803.0,840.0,236.0,46.0,48.0,41.0,160.0,101.0,41.0,9.0,6.0,7.0,99.0,99.0,99.0,622.0,539.0,236.0,35.0,31.0,41.0,47.0,50.0,1762.0,1762.0,570.0,1406.0,1406.0,13.694560669456067
City on a Hill Charter Public School (District),04370000,43,72.1,0.0,0.0,0.0,25.6,2.3,6638832.22,188.7,35180.08,6638832.22,188.7,35180.08,1386616.0,60782.0,20.5,86.1,24.0,70.5,47.4,29.5,60.3,35.0,89.2,19.1,,,,,,,,,,,,22.0,12.0,34.0,,,,,,,,,,,,,,,,,,,,,,,,,,,,,,,,,,,,,,,,,,,,0.7906976744186046
Hull,01420000,64,95.3,1.6,0.0,0.0,3.1,0.0,23427233.66,752.3,31138.97,25181180.73,791.3,31820.71,7990045.0,101140.0,79.0,94.3,9.9,42.1,10.8,2.6,23.7,148.0,93.1,12.7,33.0,45.0,46.0,55.0,38.0,51.0,49.0,57.0,45.0,40.0,27.0,28.0,44.0,558.0,503.0,497.0,502.0,38.0,18.0,13.0,13.0,6.0,14.0,164.0,122.0,48.0,56.0,41.0,50.0,126.0,104.0,35.0,43.0,35.0,36.0,23.0,28.0,7.0,8.0,9.0,7.0,98.0,99.0,98.0,107.0,145.0,41.0,36.0,49.0,43.0,50.0,42.0,294.0,295.0,96.0,224.0,226.0,8.71875
Blackstone Valley Regional Vocational Technical,08050000,314,100.0,0.0,0.0,0.0,0.0,0.0,31946056.99,1243.5,25689.86,31964956.99,1247.3,25627.16,10264587.0,95131.0,107.9,95.8,8.0,30.5,6.3,0.8,2.6,183.0,93.6,12.9,,,,,,,,,,98.0,62.0,121.0,209.0,490.0,,,,,,,,,,,,,,,,,,,,,,,,,,,,,,,,,,,,,,,,,,,,1.5605095541401275
Milton,01890000,271,95.9,3.0,0.0,0.0,1.1,0.0,82745697.18,4324.6,19133.62,91948508.57,4404.1,20877.78,34215846.0,100399.0,340.8,96.9,5.5,16.7,4.9,1.1,0.2,580.0,92.4,13.7,365.0,339.0,360.0,376.0,353.0,368.0,317.0,291.0,277.0,224.0,194.0,172.0,155.0,3791.0,506.0,507.0,511.0,278.0,305.0,158.0,13.0,15.0,23.0,1343.0,1271.0,493.0,64.0,60.0,71.0,1065.0,966.0,335.0,51.0,46.0,48.0,168.0,134.0,52.0,8.0,6.0,7.0,99.0,99.0,99.0,590.0,696.0,149.0,28.0,33.0,21.0,54.0,54.0,2101.0,2101.0,694.0,1648.0,1651.0,13.988929889298893
North Adams,02090000,87,83.9,8.0,0.0,0.0,8.0,0.0,31404358.02,1196.0,26257.58,36918668.64,1447.4,25507.55,9584979.0,76435.0,125.4,91.4,14.7,53.3,30.0,8.9,24.7,278.0,92.7,12.6,70.0,76.0,90.0,93.0,89.0,85.0,84.0,53.0,55.0,37.0,34.0,41.0,49.0,856.0,481.0,484.0,482.0,13.0,17.0,4.0,3.0,3.0,3.0,106.0,117.0,34.0,22.0,24.0,22.0,93.0,100.0,30.0,19.0,20.0,20.0,175.0,159.0,55.0,36.0,32.0,36.0,99.0,99.0,97.0,211.0,216.0,63.0,43.0,44.0,41.0,44.0,50.0,492.0,492.0,152.0,357.0,361.0,9.839080459770114
Pathfinder Regional Vocational Technical,08600000,139,94.2,1.4,0.0,0.7,3.6,0.0,17294581.21,631.9,27370.62,17427140.79,647.5,26913.39,5818285.0,80142.0,72.6,93.3,11.9,59.7,15.1,1.9,8.8,125.0,93.9,11.3,,,,,,,,,,0.0,1.0,99.0,102.0,202.0,,,,,,,,,,,,,,,,,,,,,,,,,,,,,,,,,,,,,,,,,,,,1.4532374100719425
Dudley-Charlton Reg,06580000,212,90.6,3.8,0.5,0.5,4.7,0.0,57966230.0,3478.1,16665.9,62704492.11,3568.4,17572.38,22569593.0,86012.0,262.4,94.4,9.8,38.9,13.2,2.4,23.2,500.0,94.9,9.3,228.0,276.0,207.0,271.0,265.0,271.0,300.0,309.0,287.0,142.0,132.0,102.0,105.0,2895.0,492.0,491.0,493.0,56.0,51.0,19.0,3.0,3.0,3.0,631.0,537.0,222.0,37.0,32.0,40.0,575.0,486.0,203.0,34.0,29.0,36.0,294.0,289.0,88.0,17.0,17.0,16.0,99.0,99.0,99.0,777.0,866.0,249.0,46.0,51.0,45.0,47.0,43.0,1702.0,1692.0,559.0,1368.0,1362.0,13.65566037735849
Plymouth,02390000,627,91.7,1.8,0.0,0.3,6.2,0.0,155139117.8,7011.0,22127.94,174593621.4,7639.4,22854.45,53665127.0,85129.0,630.4,93.9,10.6,41.5,15.7,3.8,27.4,1185.0,94.6,9.7,469.0,506.0,487.0,555.0,514.0,504.0,510.0,503.0,497.0,308.0,239.0,281.0,403.0,5776.0,497.0,494.0,493.0,248.0,131.0,43.0,8.0,4.0,4.0,1455.0,1188.0,402.0,47.0,39.0,40.0,1207.0,1057.0,359.0,39.0,34.0,36.0,432.0,449.0,141.0,14.0,15.0,14.0,99.0,98.0,98.0,1196.0,1434.0,453.0,39.0,47.0,45.0,49.0,45.0,3083.0,3071.0,996.0,2374.0,2376.0,9.212121212121213
Nantucket,01970000,160,90.6,2.5,0.6,0.0,6.2,0.0,48745738.0,1681.2,28994.23,50629867.0,1693.4,29898.35,16381256.0,102575.0,159.7,92.9,12.2,54.4,22.7,3.4,23.7,321.0,94.0,11.2,118.0,116.0,113.0,137.0,117.0,104.0,122.0,126.0,103.0,106.0,117.0,85.0,106.0,1470.0,486.0,488.0,493.0,26.0,13.0,15.0,4.0,2.0,7.0,194.0,172.0,81.0,28.0,25.0,39.0,168.0,159.0,66.0,24.0,23.0,32.0,196.0,138.0,34.0,28.0,20.0,17.0,99.0,99.0,99.0,309.0,387.0,91.0,44.0,56.0,44.0,51.0,53.0,699.0,697.0,206.0,515.0,520.0,9.1875
New Heights Charter School of Brockton (District),35130000,108,96.3,2.8,0.0,0.0,0.9,0.0,15135816.41,731.8,20682.15,15135816.41,731.8,20682.15,4855699.0,104260.0,44.1,93.5,11.4,45.6,21.0,4.2,38.2,85.0,94.8,9.0,,,,,,,108.0,115.0,116.0,0.0,0.0,12.0,39.0,390.0,483.0,484.0,479.0,10.0,1.0,0.0,3.0,0.0,0.0,80.0,60.0,9.0,24.0,18.0,8.0,70.0,59.0,9.0,21.0,17.0,8.0,88.0,82.0,29.0,26.0,24.0,26.0,98.0,99.0,97.0,168.0,197.0,74.0,50.0,58.0,66.0,51.0,49.0,336.0,339.0,112.0,316.0,324.0,3.611111111111111
Swansea,02920000,129,93.0,2.3,0.0,0.8,3.9,0.0,35317690.38,2036.4,17343.1,37846446.38,2106.5,17966.86,13664283.0,90913.0,150.3,93.8,10.4,41.0,15.8,3.2,22.6,280.0,92.9,13.5,141.0,163.0,146.0,173.0,144.0,165.0,153.0,168.0,8.0,69.0,63.0,51.0,90.0,1534.0,494.0,497.0,498.0,41.0,64.0,24.0,4.0,7.0,7.0,406.0,418.0,167.0,42.0,43.0,50.0,365.0,354.0,143.0,37.0,36.0,43.0,163.0,110.0,45.0,17.0,11.0,13.0,99.0,99.0,98.0,408.0,448.0,124.0,42.0,46.0,37.0,46.0,53.0,977.0,976.0,336.0,773.0,773.0,11.891472868217054
Berkshire Arts and Technology Charter Public (District),04140000,30,90.0,3.3,0.0,0.0,6.7,0.0,8149847.65,362.3,22492.27,8149847.65,362.3,22492.27,2468990.0,64550.0,35.3,91.4,15.1,56.9,31.4,12.0,43.1,71.0,91.6,17.5,,,,,,,75.0,71.0,64.0,44.0,39.0,36.0,21.0,350.0,491.0,487.0,496.0,11.0,5.0,4.0,5.0,3.0,6.0,79.0,52.0,25.0,39.0,26.0,37.0,68.0,47.0,21.0,33.0,24.0,31.0,38.0,41.0,6.0,19.0,21.0,9.0,100.0,98.0,100.0,87.0,107.0,36.0,43.0,54.0,54.0,47.0,48.0,204.0,200.0,67.0,187.0,183.0,11.666666666666666
Newburyport,02040000,204,97.1,1.5,0.5,0.0,1.0,0.0,47687263.52,2168.8,21987.91,54141209.96,2330.3,23233.34,19790222.0,92090.0,214.9,94.8,9.3,36.6,8.8,2.0,0.0,400.0,92.1,14.1,108.0,152.0,124.0,141.0,144.0,167.0,155.0,150.0,167.0,132.0,119.0,96.0,62.0,1717.0,502.0,498.0,501.0,85.0,45.0,29.0,9.0,5.0,9.0,513.0,443.0,170.0,55.0,48.0,52.0,428.0,398.0,141.0,46.0,43.0,43.0,76.0,88.0,27.0,8.0,10.0,8.0,99.0,99.0,99.0,336.0,394.0,133.0,36.0,43.0,40.0,54.0,49.0,925.0,925.0,330.0,751.0,747.0,8.416666666666666
Lynnfield,01640000,141,97.9,1.4,0.0,0.0,0.7,0.0,42474881.78,2200.8,19299.75,45814647.78,2238.6,20466.0,16561631.0,103446.0,160.1,95.5,8.0,29.7,6.3,0.9,0.3,361.0,94.9,9.1,167.0,160.0,170.0,182.0,185.0,178.0,180.0,191.0,158.0,117.0,79.0,52.0,68.0,1887.0,506.0,507.0,504.0,132.0,142.0,34.0,12.0,13.0,10.0,669.0,661.0,190.0,63.0,62.0,57.0,537.0,519.0,156.0,51.0,49.0,47.0,72.0,58.0,26.0,7.0,5.0,8.0,99.0,99.0,100.0,322.0,347.0,119.0,30.0,33.0,36.0,51.0,49.0,1063.0,1066.0,335.0,859.0,860.0,13.382978723404255
Codman Academy Charter Public (District),04380000,36,88.9,5.6,0.0,0.0,5.6,0.0,11192024.3,339.9,32927.4,11192024.3,339.9,32927.4,3664516.0,79754.0,46.2,89.6,18.3,67.1,38.0,11.0,48.7,77.0,95.4,8.0,21.0,21.0,22.0,23.0,22.0,20.0,23.0,22.0,20.0,35.0,20.0,2.0,7.0,258.0,477.0,472.0,469.0,0.0,0.0,0.0,0.0,0.0,0.0,15.0,7.0,0.0,12.0,5.0,0.0,15.0,7.0,0.0,12.0,5.0,0.0,44.0,61.0,17.0,34.0,47.0,47.0,98.0,99.0,92.0,69.0,61.0,19.0,54.0,47.0,53.0,46.0,33.0,128.0,129.0,36.0,103.0,104.0,7.166666666666667
Franklin County Regional Vocational Technical,08180000,160,93.8,0.0,0.0,0.6,5.6,0.0,16079095.59,596.3,26963.27,16094899.21,599.3,26856.91,4910659.0,90340.0,57.6,94.0,10.5,43.6,13.3,2.6,23.6,86.0,94.5,10.0,,,,,,,,,,0.0,0.0,0.0,0.0,0.0,,,,,,,,,,,,,,,,,,,,,,,,,,,,,,,,,,,,,,,,,,,,0.0
Falmouth,00960000,210,91.0,2.9,0.0,1.9,4.3,0.0,73278951.0,2907.2,25206.22,79798957.02,3129.7,25496.98,26497669.0,92617.0,286.1,91.8,14.3,59.1,26.7,6.5,41.9,580.0,93.3,12.0,203.0,209.0,213.0,266.0,213.0,234.0,231.0,242.0,224.0,114.0,83.0,73.0,116.0,2421.0,495.0,496.0,495.0,91.0,104.0,24.0,7.0,7.0,5.0,608.0,607.0,193.0,44.0,43.0,43.0,517.0,503.0,169.0,37.0,36.0,38.0,246.0,212.0,67.0,18.0,15.0,15.0,99.0,99.0,96.0,543.0,579.0,189.0,39.0,41.0,42.0,48.0,46.0,1397.0,1398.0,449.0,1073.0,1076.0,11.528571428571428
Winthrop,03460000,160,91.2,3.1,0.0,0.6,5.0,0.0,36004344.43,1963.4,18337.96,39137771.83,2027.0,19308.1,12996770.0,82467.0,157.6,94.7,9.3,37.2,13.1,2.2,25.1,321.0,92.3,14.1,151.0,141.0,154.0,164.0,148.0,162.0,145.0,149.0,153.0,110.0,49.0,63.0,84.0,1673.0,494.0,495.0,495.0,67.0,59.0,16.0,7.0,6.0,5.0,395.0,382.0,131.0,44.0,42.0,42.0,328.0,323.0,115.0,36.0,36.0,37.0,176.0,148.0,45.0,19.0,16.0,14.0,99.0,100.0,100.0,335.0,378.0,136.0,37.0,42.0,44.0,53.0,59.0,906.0,908.0,312.0,686.0,699.0,10.45625
Framingham,01000000,754,74.3,6.9,2.9,0.5,15.4,0.0,217541908.5,9208.8,23623.19,250768560.7,9874.0,25396.8,80559977.0,101833.0,791.1,91.2,14.9,53.6,30.5,11.0,32.2,1437.0,92.8,13.6,728.0,732.0,718.0,700.0,717.0,675.0,707.0,621.0,643.0,500.0,417.0,254.0,241.0,7653.0,480.0,481.0,481.0,139.0,95.0,49.0,4.0,2.0,4.0,978.0,820.0,305.0,25.0,21.0,25.0,839.0,725.0,256.0,22.0,19.0,21.0,1508.0,1410.0,478.0,39.0,37.0,39.0,99.0,99.0,98.0,1370.0,1625.0,458.0,36.0,42.0,37.0,49.0,51.0,3856.0,3855.0,1241.0,2863.0,2886.0,10.149867374005305
Frontier,06700000,97,91.8,3.1,0.0,1.0,4.1,0.0,13174662.91,602.1,21880.99,14986743.58,656.3,22836.25,4041181.0,78317.0,51.6,93.2,12.1,43.0,15.1,4.0,22.3,122.0,94.4,10.3,,,,,,,,82.0,75.0,52.0,29.0,55.0,51.0,344.0,488.0,493.0,496.0,6.0,11.0,9.0,3.0,5.0,8.0,79.0,83.0,50.0,36.0,37.0,42.0,73.0,72.0,41.0,33.0,32.0,35.0,54.0,31.0,14.0,24.0,14.0,12.0,97.0,97.0,98.0,88.0,108.0,54.0,40.0,49.0,46.0,41.0,48.0,221.0,222.0,118.0,210.0,211.0,3.5463917525773194
Nashoba Valley Regional Vocational Technical,08520000,176,97.2,2.3,0.0,0.0,0.6,0.0,18306030.93,760.2,24079.84,18313603.55,761.6,24045.84,6820325.0,101192.0,67.4,95.4,8.0,34.1,4.6,1.2,22.3,117.0,94.0,11.0,,,,,,,,,,95.0,65.0,91.0,79.0,330.0,,,,,,,,,,,,,,,,,,,,,,,,,,,,,,,,,,,,,,,,,,,,1.875
Worcester,03480000,2096,85.5,5.5,0.2,0.2,8.5,0.0,546111164.9,24576.0,22221.28,620492246.2,27606.4,22476.41,207413094.0,101529.0,2042.9,92.0,13.7,49.9,25.3,7.8,41.0,4185.0,92.6,13.5,1962.0,1892.0,1823.0,1870.0,1601.0,1771.0,1814.0,1517.0,1660.0,813.0,899.0,986.0,956.0,19564.0,483.0,484.0,482.0,314.0,268.0,78.0,3.0,3.0,2.0,2629.0,2394.0,758.0,26.0,24.0,23.0,2315.0,2126.0,680.0,23.0,21.0,20.0,3424.0,3134.0,1123.0,34.0,31.0,34.0,99.0,99.0,98.0,4117.0,4620.0,1463.0,40.0,46.0,44.0,49.0,49.0,10170.0,10148.0,3344.0,7243.0,7305.0,9.333969465648854
Medfield,01750000,182,96.7,2.2,0.0,0.0,1.1,0.0,49988382.1,2486.0,20107.96,52369483.1,2507.3,20886.94,22625967.0,108310.0,208.9,95.7,7.6,26.7,6.8,1.1,15.3,412.0,94.8,9.3,178.0,199.0,184.0,207.0,180.0,202.0,188.0,186.0,194.0,152.0,119.0,89.0,122.0,2200.0,509.0,511.0,511.0,155.0,172.0,69.0,13.0,15.0,17.0,806.0,845.0,283.0,70.0,73.0,72.0,651.0,673.0,214.0,57.0,58.0,54.0,54.0,45.0,15.0,5.0,4.0,4.0,99.0,99.0,99.0,291.0,267.0,97.0,25.0,23.0,25.0,51.0,52.0,1151.0,1157.0,395.0,920.0,925.0,12.087912087912088
Roxbury Preparatory Charter (District),04840000,111,85.6,1.8,0.0,0.0,12.6,0.0,32251621.97,1105.4,29176.43,32251621.97,1105.4,29176.43,8179301.0,147596.0,48.2,89.6,17.7,62.4,37.0,13.1,52.0,98.0,97.2,5.6,,,,,,75.0,146.0,177.0,184.0,0.0,137.0,88.0,102.0,909.0,487.0,489.0,484.0,18.0,6.0,0.0,3.0,1.0,0.0,168.0,181.0,58.0,29.0,32.0,23.0,150.0,175.0,58.0,26.0,31.0,23.0,143.0,105.0,57.0,25.0,18.0,22.0,93.0,98.0,98.0,259.0,286.0,140.0,45.0,50.0,55.0,62.0,69.0,570.0,572.0,255.0,467.0,483.0,8.18918918918919
Billerica,00310000,317,96.2,1.3,0.3,0.3,1.9,0.0,97393135.71,4932.8,19744.01,109268710.6,5159.7,21177.39,38942127.0,108203.0,359.9,94.5,9.6,37.0,12.7,2.8,25.9,796.0,91.7,14.9,400.0,395.0,397.0,406.0,425.0,365.0,364.0,366.0,274.0,258.0,168.0,155.0,246.0,4219.0,496.0,497.0,496.0,135.0,161.0,44.0,6.0,7.0,6.0,1048.0,1062.0,340.0,45.0,45.0,45.0,913.0,901.0,296.0,39.0,38.0,39.0,343.0,317.0,95.0,15.0,14.0,12.0,99.0,99.0,99.0,955.0,968.0,326.0,41.0,41.0,43.0,48.0,47.0,2346.0,2347.0,761.0,1841.0,1848.0,13.309148264984227
Springfield,02810000,1864,82.0,7.9,0.2,0.1,9.7,0.1,631330588.0,23722.9,26612.69,749025113.5,29467.9,25418.32,183909650.0,84692.0,2171.5,90.9,15.4,57.0,32.8,10.1,39.9,4469.0,93.3,12.3,4.0,1737.0,1701.0,1689.0,1685.0,1670.0,1023.0,839.0,934.0,935.0,944.0,988.0,1110.0,15259.0,482.0,480.0,482.0,180.0,147.0,74.0,2.0,2.0,2.0,2065.0,1596.0,633.0,22.0,17.0,21.0,1885.0,1449.0,559.0,20.0,16.0,19.0,3139.0,3425.0,1036.0,34.0,37.0,34.0,99.0,99.0,96.0,4137.0,4300.0,1343.0,44.0,46.0,45.0,47.0,46.0,9341.0,9321.0,3012.0,6525.0,6527.0,8.186158798283262
West Bridgewater,03230000,100,95.0,3.0,0.0,0.0,2.0,0.0,22426639.89,1396.3,16061.73,24786339.25,1431.8,17311.6,8608470.0,83254.0,103.4,95.1,8.5,33.3,10.2,1.8,22.3,191.0,94.6,9.9,0.0,102.0,101.0,96.0,126.0,102.0,113.0,104.0,111.0,100.0,95.0,92.0,69.0,1211.0,495.0,496.0,494.0,30.0,28.0,7.0,5.0,4.0,3.0,270.0,259.0,80.0,42.0,40.0,39.0,240.0,231.0,73.0,38.0,36.0,36.0,79.0,56.0,23.0,12.0,9.0,11.0,98.0,99.0,97.0,290.0,330.0,102.0,45.0,51.0,50.0,47.0,49.0,639.0,645.0,205.0,522.0,526.0,12.11
Grafton,01100000,220,93.6,3.2,0.0,0.5,2.7,0.0,49743165.15,3089.6,16100.43,54882378.49,3188.8,17211.22,19565844.0,81934.0,238.8,94.0,10.6,40.0,14.8,3.7,1.1,545.0,89.4,18.5,211.0,216.0,232.0,248.0,242.0,262.0,205.0,243.0,244.0,109.0,118.0,130.0,165.0,2625.0,500.0,503.0,505.0,107.0,155.0,67.0,8.0,11.0,14.0,754.0,766.0,309.0,54.0,54.0,63.0,647.0,611.0,242.0,46.0,43.0,49.0,164.0,126.0,49.0,12.0,9.0,10.0,98.0,98.0,97.0,486.0,522.0,132.0,35.0,37.0,27.0,53.0,52.0,1404.0,1414.0,490.0,1090.0,1099.0,11.931818181818182
Attleboro,00160000,566,92.2,3.4,0.2,0.2,4.1,0.0,109817146.4,6039.3,18183.84,118401168.8,6404.6,18486.93,38934827.0,95946.0,405.8,93.5,11.1,43.5,17.8,4.3,27.6,866.0,93.5,11.4,450.0,412.0,415.0,441.0,400.0,441.0,451.0,449.0,455.0,277.0,415.0,334.0,268.0,5208.0,492.0,494.0,492.0,114.0,148.0,41.0,4.0,6.0,5.0,958.0,1009.0,338.0,37.0,39.0,38.0,844.0,861.0,297.0,33.0,33.0,34.0,491.0,451.0,168.0,19.0,17.0,19.0,99.0,100.0,99.0,1144.0,1137.0,375.0,44.0,44.0,43.0,50.0,52.0,2593.0,2597.0,881.0,1994.0,1999.0,9.201413427561837
Andover,00090000,415,98.1,1.7,0.0,0.0,0.2,0.0,129211369.6,5488.2,23543.37,136436312.2,5582.3,24441.06,50389369.0,107624.0,468.2,95.1,8.6,31.8,8.6,1.6,4.9,997.0,93.4,11.8,386.0,372.0,409.0,418.0,429.0,402.0,475.0,419.0,423.0,327.0,264.0,215.0,282.0,4821.0,508.0,511.0,511.0,439.0,509.0,191.0,17.0,20.0,23.0,1660.0,1733.0,559.0,65.0,68.0,68.0,1221.0,1224.0,368.0,48.0,48.0,45.0,194.0,147.0,59.0,8.0,6.0,7.0,99.0,99.0,99.0,704.0,680.0,205.0,28.0,27.0,25.0,53.0,57.0,2558.0,2560.0,823.0,1985.0,2001.0,11.616867469879518
Four Rivers Charter Public (District),04130000,32,100.0,0.0,0.0,0.0,0.0,0.0,4253832.0,213.0,19975.73,4253832.0,213.0,19975.73,1496174.0,101236.0,17.7,93.2,11.7,43.5,20.2,6.7,8.1,50.0,94.4,10.3,,,,,,,,38.0,38.0,28.0,20.0,27.0,19.0,170.0,495.0,491.0,493.0,7.0,2.0,2.0,10.0,3.0,6.0,27.0,19.0,16.0,40.0,26.0,46.0,20.0,17.0,14.0,29.0,24.0,40.0,9.0,9.0,6.0,13.0,13.0,17.0,89.0,95.0,92.0,32.0,44.0,13.0,47.0,61.0,37.0,45.0,43.0,68.0,72.0,35.0,57.0,61.0,5.3125
Hampshire,06830000,104,97.1,1.0,0.0,0.0,1.9,0.0,15349671.41,685.0,22407.01,17839977.19,770.5,23152.36,5472654.0,78970.0,69.3,94.1,10.4,40.3,14.2,3.2,0.0,120.0,93.3,12.1,,,,,,,,132.0,154.0,25.0,74.0,32.0,62.0,479.0,492.0,493.0,492.0,12.0,3.0,6.0,4.0,1.0,4.0,104.0,110.0,57.0,36.0,38.0,38.0,92.0,107.0,51.0,32.0,37.0,34.0,46.0,41.0,22.0,16.0,14.0,15.0,98.0,99.0,97.0,135.0,137.0,72.0,47.0,48.0,48.0,39.0,37.0,285.0,288.0,151.0,253.0,262.0,4.605769230769231
Gloucester,01070000,202,84.7,5.0,0.5,0.5,9.4,0.0,66215844.29,2921.7,22663.38,74223992.36,3221.6,23039.33,23151166.0,86417.0,267.9,91.7,14.4,56.4,27.5,7.1,55.8,515.0,94.3,10.3,234.0,230.0,208.0,227.0,225.0,217.0,204.0,202.0,211.0,140.0,124.0,100.0,89.0,2411.0,490.0,488.0,490.0,60.0,37.0,16.0,5.0,3.0,4.0,425.0,379.0,155.0,34.0,30.0,37.0,365.0,342.0,139.0,29.0,27.0,33.0,255.0,281.0,90.0,20.0,22.0,21.0,98.0,99.0,97.0,586.0,611.0,175.0,46.0,48.0,42.0,47.0,47.0,1266.0,1271.0,420.0,983.0,987.0,11.935643564356436
Weymouth,03360000,482,89.4,3.7,0.2,0.8,5.8,0.0,109098757.6,5567.1,19596.94,125777564.0,5997.1,20973.09,43547647.0,94979.0,458.5,93.2,11.5,44.1,19.2,4.7,32.9,879.0,92.5,13.8,438.0,452.0,437.0,436.0,441.0,404.0,382.0,399.0,399.0,145.0,147.0,103.0,149.0,4332.0,495.0,493.0,490.0,187.0,128.0,34.0,8.0,5.0,4.0,1054.0,896.0,271.0,44.0,37.0,34.0,867.0,768.0,237.0,36.0,32.0,30.0,435.0,453.0,160.0,18.0,19.0,20.0,99.0,99.0,98.0,914.0,1046.0,357.0,38.0,44.0,45.0,50.0,43.0,2403.0,2395.0,788.0,1860.0,1862.0,8.987551867219917
Dover-Sherborn,06550000,157,98.1,1.9,0.0,0.0,0.0,0.0,28456242.0,1124.0,25317.69,30157182.62,1152.5,26166.58,12086067.0,117000.0,103.3,95.7,7.8,30.6,5.3,0.5,18.7,209.0,94.2,10.7,,,,,,,164.0,141.0,168.0,134.0,117.0,113.0,101.0,938.0,509.0,512.0,509.0,69.0,93.0,18.0,15.0,20.0,11.0,329.0,335.0,118.0,70.0,72.0,72.0,260.0,242.0,100.0,55.0,52.0,61.0,25.0,22.0,5.0,5.0,5.0,3.0,98.0,98.0,98.0,115.0,111.0,42.0,25.0,24.0,25.0,52.0,53.0,469.0,468.0,165.0,449.0,451.0,5.974522292993631
Sandwich,02610000,151,89.4,5.3,0.0,0.7,4.6,0.0,56041877.0,2119.2,26445.17,63821526.89,2392.2,26678.89,16953166.0,87840.0,193.0,94.0,10.4,44.9,14.3,1.9,29.8,395.0,94.0,11.0,160.0,154.0,171.0,157.0,180.0,157.0,182.0,172.0,188.0,107.0,75.0,84.0,81.0,1868.0,501.0,503.0,502.0,109.0,108.0,43.0,11.0,11.0,13.0,548.0,554.0,190.0,53.0,54.0,56.0,439.0,446.0,147.0,43.0,43.0,43.0,112.0,95.0,39.0,11.0,9.0,11.0,99.0,99.0,98.0,370.0,379.0,112.0,36.0,37.0,33.0,52.0,52.0,1030.0,1028.0,341.0,823.0,826.0,12.370860927152318
Sutton,02900000,103,94.2,3.9,0.0,0.0,1.9,0.0,24498389.75,1309.2,18712.41,27190444.12,1381.6,19680.81,8930592.0,91128.0,98.0,94.7,9.4,37.7,11.6,1.4,4.6,225.0,96.2,1.1,84.0,102.0,96.0,98.0,97.0,96.0,106.0,85.0,45.0,61.0,34.0,20.0,63.0,987.0,495.0,496.0,497.0,22.0,25.0,6.0,4.0,4.0,3.0,253.0,249.0,79.0,42.0,42.0,42.0,231.0,224.0,73.0,39.0,38.0,39.0,77.0,63.0,18.0,13.0,11.0,10.0,99.0,98.0,99.0,269.0,284.0,91.0,45.0,48.0,48.0,53.0,53.0,599.0,596.0,188.0,480.0,480.0,9.58252427184466
Woburn,03470000,369,91.1,3.5,0.0,0.0,5.4,0.0,101588395.6,4479.6,22677.95,113807903.5,4712.9,24148.23,38045640.0,99232.0,383.4,92.9,12.1,45.7,21.5,5.9,15.8,830.0,92.8,12.6,345.0,352.0,376.0,354.0,330.0,339.0,337.0,310.0,339.0,161.0,153.0,112.0,148.0,3656.0,490.0,490.0,491.0,83.0,84.0,33.0,4.0,4.0,5.0,694.0,641.0,246.0,35.0,32.0,37.0,611.0,557.0,213.0,31.0,28.0,32.0,448.0,431.0,151.0,23.0,22.0,23.0,99.0,99.0,99.0,834.0,910.0,274.0,42.0,46.0,41.0,44.0,46.0,1976.0,1982.0,671.0,1467.0,1482.0,9.907859078590786
Boston Day and Evening Academy Charter (District),04240000,158,21.5,48.1,0.0,1.9,27.8,0.6,8553315.69,287.7,29729.63,8553315.69,287.7,29729.63,4155045.0,163894.0,26.2,64.0,48.8,94.7,93.4,76.2,0.0,67.0,90.3,18.7,,,,,,,,,,17.0,9.0,1.0,52.0,79.0,,,,,,,,,,,,,,,,,,,,,,,,,,,,,,,,,,,,,,,,,,,,0.5
Sizer School: A North Central Charter Essential (District),04740000,40,90.0,0.0,0.0,0.0,10.0,0.0,5829226.33,309.6,18825.82,5829226.33,309.6,18825.82,2058335.0,62022.0,31.1,90.7,15.5,56.9,28.8,10.8,38.3,60.0,96.5,6.3,,,,,,,,20.0,36.0,32.0,24.0,17.0,13.0,142.0,498.0,488.0,488.0,9.0,2.0,0.0,8.0,2.0,0.0,57.0,31.0,17.0,52.0,29.0,26.0,48.0,29.0,17.0,44.0,27.0,26.0,17.0,18.0,11.0,15.0,17.0,17.0,97.0,96.0,93.0,36.0,59.0,38.0,33.0,55.0,58.0,48.0,50.0,110.0,108.0,66.0,92.0,91.0,3.55
Gardner,01030000,238,87.8,5.5,0.4,0.8,5.5,0.0,44437932.46,2470.5,17987.18,49709382.83,2681.4,18538.65,15417611.0,104103.0,148.1,92.4,12.7,50.2,26.7,7.1,23.4,362.0,94.1,10.6,198.0,203.0,196.0,204.0,194.0,183.0,155.0,157.0,113.0,107.0,76.0,80.0,96.0,1962.0,479.0,479.0,481.0,14.0,8.0,2.0,1.0,1.0,1.0,203.0,191.0,79.0,20.0,18.0,24.0,189.0,183.0,77.0,18.0,18.0,23.0,389.0,373.0,115.0,37.0,36.0,34.0,98.0,98.0,99.0,446.0,475.0,140.0,43.0,46.0,42.0,39.0,40.0,1038.0,1039.0,334.0,759.0,754.0,8.243697478991596
"Phoenix Academy Public Charter High School, Springfield (District)",35080000,40,7.5,42.5,0.0,0.0,50.0,0.0,4537600.68,157.9,28729.9,4537600.68,157.9,28729.9,955684.0,71384.0,15.1,46.4,71.6,93.5,96.0,86.0,0.0,25.0,96.3,7.0,,,,,,,,,,0.0,0.0,0.0,0.0,0.0,,,,,,,,,,,,,,,,,,,,,,,,,,,,,,,,,,,,,,,,,,,,0.0
North Andover,02110000,347,96.5,0.9,0.6,0.3,1.7,0.0,82145234.02,4533.9,18118.21,89857917.29,4652.8,19312.72,31786143.0,94771.0,335.4,94.0,10.6,41.9,14.5,3.0,0.0,704.0,92.5,13.2,338.0,308.0,334.0,325.0,317.0,345.0,355.0,343.0,325.0,254.0,258.0,216.0,199.0,3917.0,498.0,501.0,498.0,160.0,186.0,52.0,8.0,9.0,8.0,945.0,1051.0,332.0,47.0,52.0,49.0,785.0,865.0,280.0,39.0,43.0,42.0,280.0,207.0,83.0,14.0,10.0,12.0,99.0,99.0,99.0,776.0,748.0,256.0,39.0,37.0,38.0,47.0,51.0,2001.0,2006.0,671.0,1578.0,1585.0,11.288184438040346
Littleton,01580000,126,96.8,1.6,0.0,0.0,1.6,0.0,30764510.48,1667.7,18446.78,34794940.6,1762.5,19741.36,11148018.0,90487.0,123.2,95.4,8.1,29.5,7.5,1.7,1.1,257.0,91.6,15.1,0.0,0.0,0.0,137.0,109.0,127.0,126.0,133.0,109.0,98.0,93.0,66.0,94.0,1092.0,508.0,506.0,508.0,133.0,105.0,44.0,18.0,14.0,19.0,462.0,441.0,152.0,63.0,60.0,65.0,329.0,336.0,108.0,45.0,46.0,46.0,45.0,56.0,22.0,6.0,8.0,9.0,99.0,99.0,99.0,231.0,239.0,61.0,31.0,32.0,26.0,54.0,54.0,738.0,736.0,235.0,577.0,577.0,8.666666666666666
Westfield,03250000,422,91.7,2.1,0.7,0.0,5.5,0.0,92558875.62,4821.4,19197.62,104109029.9,5161.5,20170.35,34357523.0,82215.0,417.9,92.8,12.4,47.6,21.7,6.0,11.7,885.0,91.0,16.3,297.0,281.0,313.0,338.0,334.0,355.0,369.0,322.0,359.0,164.0,194.0,185.0,154.0,3665.0,489.0,491.0,492.0,67.0,89.0,25.0,3.0,4.0,4.0,715.0,709.0,260.0,35.0,34.0,38.0,648.0,620.0,235.0,31.0,30.0,34.0,450.0,373.0,123.0,22.0,18.0,18.0,99.0,99.0,97.0,905.0,978.0,310.0,44.0,47.0,45.0,47.0,51.0,2070.0,2060.0,693.0,1600.0,1619.0,8.684834123222748
Athol-Royalston,06150000,120,81.7,7.5,0.8,0.0,10.0,0.0,30989939.0,1632.6,18981.76,35648472.42,1887.2,18889.79,9548255.0,76325.0,125.1,92.1,13.7,52.6,25.7,7.2,36.9,255.0,92.6,13.7,113.0,141.0,126.0,144.0,123.0,107.0,124.0,114.0,130.0,65.0,40.0,40.0,25.0,1292.0,480.0,482.0,479.0,9.0,10.0,1.0,1.0,1.0,0.0,150.0,149.0,34.0,20.0,21.0,16.0,141.0,139.0,33.0,19.0,19.0,15.0,259.0,226.0,80.0,35.0,31.0,37.0,97.0,96.0,91.0,323.0,350.0,105.0,44.0,48.0,48.0,42.0,44.0,732.0,725.0,219.0,530.0,527.0,10.766666666666667
Bourne,00360000,83,90.4,4.8,0.0,0.0,4.8,0.0,37933450.94,1543.9,24569.62,43904791.33,1817.3,24159.93,13811016.0,94661.0,145.9,93.1,12.0,51.7,20.0,4.2,1.2,266.0,92.7,13.4,114.0,125.0,113.0,120.0,113.0,128.0,119.0,148.0,125.0,77.0,33.0,30.0,58.0,1303.0,491.0,490.0,491.0,21.0,17.0,12.0,3.0,2.0,5.0,242.0,224.0,77.0,32.0,30.0,31.0,221.0,207.0,65.0,30.0,28.0,26.0,132.0,118.0,43.0,18.0,16.0,17.0,99.0,99.0,97.0,373.0,406.0,130.0,50.0,54.0,52.0,53.0,54.0,747.0,748.0,250.0,590.0,590.0,15.698795180722891
Global Learning Charter Public (District),04960000,37,100.0,0.0,0.0,0.0,0.0,0.0,9340235.0,499.6,18695.43,9340235.0,499.6,18695.43,2834444.0,68725.0,43.4,96.5,6.1,14.5,3.5,1.2,12.8,94.0,94.5,10.5,,,,,,86.0,86.0,79.0,80.0,27.0,36.0,49.0,38.0,481.0,483.0,478.0,482.0,8.0,3.0,3.0,2.0,1.0,2.0,63.0,37.0,31.0,19.0,11.0,19.0,55.0,34.0,28.0,17.0,10.0,17.0,90.0,102.0,42.0,27.0,31.0,25.0,100.0,100.0,99.0,177.0,191.0,92.0,54.0,58.0,56.0,48.0,35.0,330.0,330.0,165.0,323.0,323.0,13.0
Oxford,02260000,104,95.2,1.9,0.0,0.0,2.9,0.0,27028046.44,1487.0,18176.22,31140684.26,1631.6,19086.08,9950581.0,80053.0,124.3,93.4,11.4,44.9,19.5,4.7,2.1,257.0,93.3,11.8,112.0,103.0,99.0,113.0,92.0,107.0,133.0,117.0,138.0,93.0,79.0,57.0,82.0,1325.0,489.0,488.0,489.0,23.0,18.0,11.0,3.0,3.0,5.0,231.0,187.0,78.0,33.0,27.0,32.0,208.0,169.0,67.0,30.0,25.0,28.0,147.0,153.0,55.0,21.0,22.0,23.0,97.0,97.0,98.0,314.0,348.0,109.0,45.0,51.0,45.0,47.0,39.0,692.0,688.0,242.0,540.0,538.0,12.740384615384615
Dracut,00790000,216,88.4,4.2,0.0,0.5,6.9,0.0,56321075.0,3588.6,15694.54,65257621.69,3960.8,16476.04,20740093.0,84757.0,244.7,94.2,10.0,38.2,14.6,3.5,34.7,474.0,95.1,8.8,247.0,266.0,292.0,300.0,317.0,302.0,303.0,322.0,277.0,92.0,54.0,88.0,74.0,2934.0,494.0,494.0,491.0,99.0,96.0,17.0,5.0,5.0,3.0,753.0,722.0,196.0,41.0,39.0,34.0,654.0,626.0,179.0,36.0,34.0,31.0,294.0,270.0,86.0,16.0,15.0,15.0,99.0,99.0,99.0,783.0,846.0,297.0,43.0,46.0,51.0,49.0,48.0,1830.0,1838.0,579.0,1434.0,1441.0,13.583333333333334
"Phoenix Academy Charter Public High School, Chelsea (District)",04930000,73,12.3,28.8,0.0,0.0,58.9,0.0,6251264.88,190.0,32897.93,6251264.88,190.0,32897.93,992280.0,58028.0,18.2,51.3,69.9,94.7,95.1,84.0,0.0,34.0,95.9,7.5,,,,,,,,,,0.0,,0.0,,0.0,,,,,,,,,,,,,,,,,,,,,,,,,,,,,,,,,,,,,,,,,,,,0.0
Duxbury,00820000,223,98.2,1.3,0.0,0.0,0.4,0.0,55110417.3,2739.8,20114.92,58606888.76,2786.2,21034.41,22434544.0,96993.0,231.3,95.4,8.2,30.5,6.6,1.0,13.4,426.0,94.7,10.0,202.0,190.0,218.0,199.0,225.0,197.0,197.0,189.0,172.0,148.0,96.0,79.0,144.0,2256.0,508.0,506.0,506.0,177.0,137.0,45.0,14.0,11.0,11.0,812.0,754.0,261.0,66.0,62.0,65.0,635.0,617.0,216.0,52.0,50.0,54.0,59.0,69.0,20.0,5.0,6.0,5.0,100.0,100.0,99.0,352.0,400.0,120.0,29.0,33.0,30.0,54.0,50.0,1223.0,1223.0,401.0,1000.0,999.0,10.116591928251122
Gateway,06720000,37,86.5,10.8,0.0,0.0,2.7,0.0,18804416.53,739.5,25430.08,20842281.95,846.6,24619.65,5875625.0,73629.0,79.8,91.8,14.4,56.7,23.3,6.0,0.0,191.0,91.9,13.9,55.0,56.0,60.0,50.0,46.0,50.0,58.0,59.0,59.0,33.0,34.0,25.0,26.0,611.0,491.0,493.0,497.0,17.0,12.0,6.0,5.0,4.0,6.0,105.0,107.0,46.0,33.0,34.0,45.0,88.0,95.0,40.0,28.0,30.0,39.0,61.0,46.0,11.0,19.0,15.0,11.0,98.0,98.0,97.0,149.0,162.0,46.0,47.0,51.0,45.0,46.0,52.0,315.0,315.0,103.0,249.0,250.0,16.513513513513512
Shrewsbury,02710000,451,94.5,4.0,0.0,0.0,1.6,0.0,107596121.0,5927.9,18150.95,116697433.7,6128.9,19040.39,41651458.0,95247.0,437.3,94.7,9.3,37.7,11.1,1.9,2.4,981.0,93.9,11.4,376.0,371.0,409.0,411.0,414.0,470.0,499.0,441.0,469.0,266.0,251.0,226.0,225.0,4828.0,504.0,509.0,502.0,308.0,494.0,103.0,12.0,19.0,11.0,1535.0,1767.0,543.0,58.0,66.0,59.0,1227.0,1273.0,440.0,46.0,48.0,47.0,260.0,230.0,102.0,10.0,9.0,11.0,100.0,100.0,100.0,871.0,667.0,282.0,33.0,25.0,30.0,52.0,55.0,2666.0,2664.0,927.0,2099.0,2113.0,10.70509977827051
Neighborhood House Charter (District),04440000,68,79.4,4.4,2.9,1.5,11.8,0.0,20817754.0,836.6,24885.25,20817754.0,836.6,24885.25,6170400.0,82233.0,77.1,90.2,17.1,63.4,37.3,10.5,38.6,178.0,95.5,7.5,42.0,38.0,41.0,44.0,44.0,65.0,69.0,68.0,73.0,67.0,71.0,30.0,35.0,687.0,487.0,481.0,475.0,14.0,4.0,1.0,4.0,1.0,1.0,90.0,69.0,19.0,25.0,20.0,14.0,76.0,65.0,18.0,22.0,18.0,13.0,80.0,118.0,59.0,23.0,34.0,44.0,98.0,98.0,99.0,183.0,165.0,57.0,52.0,47.0,42.0,50.0,37.0,353.0,352.0,135.0,276.0,279.0,10.102941176470589
Hanover,01220000,176,96.6,2.3,0.0,0.6,0.6,0.0,43830395.34,2605.4,16823.16,48662406.75,2692.2,18075.28,20465754.0,104046.0,196.7,94.8,9.2,35.7,10.0,1.8,20.8,342.0,94.1,10.7,182.0,206.0,182.0,196.0,208.0,226.0,215.0,183.0,205.0,95.0,121.0,65.0,86.0,2170.0,504.0,505.0,502.0,129.0,139.0,47.0,11.0,11.0,11.0,683.0,707.0,235.0,56.0,58.0,55.0,554.0,568.0,188.0,46.0,46.0,44.0,92.0,82.0,30.0,8.0,7.0,7.0,98.0,99.0,98.0,441.0,433.0,163.0,36.0,35.0,38.0,52.0,51.0,1216.0,1222.0,428.0,991.0,998.0,12.329545454545455
Easton,00880000,299,98.0,1.7,0.0,0.0,0.3,0.0,59101700.49,3390.8,17430.16,63770117.79,3482.5,18311.4,25331001.0,95625.0,264.9,94.5,9.7,38.1,11.3,2.0,29.2,520.0,92.6,13.6,211.0,219.0,217.0,269.0,235.0,255.0,253.0,283.0,264.0,85.0,94.0,114.0,118.0,2617.0,501.0,504.0,503.0,125.0,164.0,50.0,8.0,11.0,10.0,834.0,893.0,291.0,54.0,58.0,57.0,709.0,729.0,241.0,46.0,47.0,47.0,151.0,101.0,30.0,10.0,7.0,6.0,99.0,99.0,98.0,556.0,543.0,190.0,36.0,35.0,37.0,51.0,54.0,1541.0,1537.0,511.0,1224.0,1222.0,8.752508361204013
Spencer-E Brookfield,07670000,75,76.0,5.3,2.7,2.7,12.0,1.3,26845662.0,1403.1,19132.58,31853195.09,1677.4,18989.54,8514431.0,72463.0,117.5,93.4,11.4,46.1,15.1,3.8,10.0,278.0,93.6,11.1,106.0,116.0,106.0,127.0,97.0,120.0,99.0,105.0,104.0,47.0,49.0,59.0,45.0,1180.0,484.0,484.0,486.0,14.0,13.0,4.0,2.0,2.0,2.0,151.0,134.0,68.0,22.0,20.0,29.0,137.0,121.0,64.0,20.0,18.0,27.0,188.0,182.0,60.0,28.0,27.0,25.0,99.0,98.0,98.0,343.0,354.0,110.0,50.0,53.0,46.0,44.0,47.0,682.0,670.0,238.0,521.0,512.0,15.733333333333333
Old Colony Regional Vocational Technical,08550000,132,99.2,0.0,0.0,0.0,0.8,0.0,14373435.0,545.4,26355.28,14449708.0,550.4,26254.43,5271013.0,85016.0,62.0,95.4,8.2,31.1,8.8,1.8,3.4,98.0,93.5,11.8,,,,,,,,,,14.0,13.0,12.0,7.0,46.0,,,,,,,,,,,,,,,,,,,,,,,,,,,,,,,,,,,,,,,,,,,,0.3484848484848485
Southern Worcester County Regional Vocational School District,08760000,285,98.9,0.7,0.0,0.0,0.4,0.0,28427177.46,1159.6,24515.58,28763215.23,1214.0,23693.02,11058544.0,96161.0,115.0,95.1,8.6,33.7,11.1,1.0,24.8,179.0,94.8,9.5,,,,,,,,,,19.0,19.0,19.0,17.0,74.0,,,,,,,,,,,,,,,,,,,,,,,,,,,,,,,,,,,,,,,,,,,,0.2596491228070175
Mystic Valley Regional Charter (District),04700000,76,96.1,3.9,0.0,0.0,0.0,0.0,24155324.0,1654.4,14600.74,24155324.0,1654.4,14600.74,8131031.0,81359.0,98.4,96.3,7.3,29.8,3.3,0.3,0.8,192.0,97.0,6.0,167.0,159.0,159.0,160.0,154.0,146.0,147.0,144.0,122.0,0.0,0.0,7.0,9.0,1374.0,504.0,507.0,500.0,70.0,100.0,19.0,8.0,11.0,7.0,505.0,538.0,130.0,58.0,62.0,49.0,435.0,438.0,111.0,50.0,50.0,42.0,28.0,26.0,20.0,3.0,3.0,7.0,100.0,100.0,99.0,341.0,309.0,117.0,39.0,35.0,44.0,50.0,55.0,874.0,873.0,267.0,686.0,687.0,18.07894736842105
Norwood,02200000,254,96.1,3.5,0.0,0.0,0.4,0.0,75718206.0,3596.1,21055.94,87948859.39,3764.0,23365.79,30559111.0,92324.0,331.0,92.4,13.0,47.1,25.4,7.4,38.4,627.0,93.8,11.1,256.0,299.0,270.0,265.0,285.0,258.0,265.0,263.0,252.0,221.0,191.0,131.0,123.0,3079.0,492.0,492.0,494.0,69.0,89.0,44.0,4.0,6.0,8.0,602.0,569.0,215.0,38.0,36.0,41.0,533.0,480.0,171.0,33.0,30.0,32.0,318.0,334.0,104.0,20.0,21.0,20.0,99.0,99.0,99.0,672.0,692.0,210.0,42.0,43.0,40.0,45.0,43.0,1592.0,1595.0,529.0,1217.0,1235.0,12.122047244094489
East Bridgewater,00830000,124,96.0,2.4,0.0,0.0,1.6,0.0,35375399.54,2010.8,17592.8,38591739.57,2106.9,18317.2,13262916.0,79466.0,166.9,94.2,10.2,41.4,13.7,2.3,29.2,319.0,93.2,12.3,140.0,135.0,125.0,153.0,156.0,151.0,152.0,159.0,165.0,139.0,111.0,102.0,85.0,1773.0,491.0,491.0,496.0,22.0,38.0,13.0,2.0,4.0,4.0,336.0,314.0,151.0,36.0,33.0,47.0,314.0,276.0,138.0,34.0,29.0,43.0,163.0,158.0,43.0,17.0,17.0,13.0,99.0,99.0,99.0,435.0,468.0,126.0,47.0,50.0,39.0,41.0,42.0,934.0,940.0,320.0,759.0,759.0,14.298387096774194
Northern Berkshire Regional Vocational Technical,08510000,132,97.7,0.0,0.0,0.8,1.5,0.0,13526738.0,491.2,27536.59,13564023.34,496.2,27334.27,5286891.0,109233.0,48.4,91.4,15.2,56.4,30.1,9.0,56.0,76.0,92.9,13.3,,,,,,,,,,0.0,0.0,0.0,0.0,0.0,,,,,,,,,,,,,,,,,,,,,,,,,,,,,,,,,,,,,,,,,,,,0.0
Northeast Metropolitan Regional Vocational Technical,08530000,320,98.4,0.3,0.0,0.0,1.2,0.0,36320318.12,1327.0,27369.45,36330463.12,1328.0,27356.48,13032243.0,108331.0,120.3,95.0,8.9,34.2,10.3,1.7,22.0,199.0,92.2,14.7,,,,,,,,,,0.0,12.0,9.0,32.0,53.0,,,,,,,,,,,,,,,,,,,,,,,,,,,,,,,,,,,,,,,,,,,,0.165625
West Boylston,03220000,51,100.0,0.0,0.0,0.0,0.0,0.0,17739110.54,902.3,19660.61,20937567.27,986.5,21224.36,7122331.0,89252.0,79.8,95.1,8.5,33.8,10.2,2.0,33.7,155.0,93.9,11.3,75.0,66.0,71.0,78.0,60.0,74.0,75.0,73.0,66.0,40.0,42.0,45.0,36.0,801.0,497.0,504.0,499.0,38.0,48.0,12.0,9.0,11.0,9.0,188.0,243.0,67.0,45.0,58.0,50.0,150.0,195.0,55.0,36.0,47.0,41.0,51.0,38.0,19.0,12.0,9.0,14.0,100.0,99.0,99.0,183.0,138.0,49.0,43.0,33.0,36.0,50.0,53.0,422.0,419.0,135.0,329.0,328.0,15.705882352941176
Salem Academy Charter (District),04850000,68,95.6,4.4,0.0,0.0,0.0,0.0,10049622.86,483.3,20793.33,10049622.86,483.3,20793.33,3804523.0,92376.0,39.7,93.5,12.0,46.1,15.9,4.1,18.8,88.0,93.8,11.2,,,,,,,73.0,72.0,75.0,57.0,56.0,47.0,56.0,436.0,495.0,492.0,496.0,19.0,12.0,10.0,9.0,5.0,13.0,102.0,86.0,33.0,46.0,39.0,44.0,83.0,74.0,23.0,38.0,34.0,31.0,45.0,43.0,14.0,20.0,20.0,19.0,100.0,100.0,99.0,74.0,91.0,28.0,33.0,41.0,37.0,53.0,58.0,221.0,220.0,75.0,211.0,211.0,6.411764705882353
Upper Cape Cod Regional Vocational Technical,08790000,183,98.9,0.0,0.0,0.0,1.1,0.0,22122204.0,814.6,27156.58,22173280.57,823.7,26918.9,7486834.0,86254.0,86.8,93.3,11.9,49.3,22.3,5.0,22.2,115.0,92.9,12.7,,,,,,,,,,0.0,0.0,0.0,0.0,0.0,,,,,,,,,,,,,,,,,,,,,,,,,,,,,,,,,,,,,,,,,,,,0.0
Mansfield,01670000,245,96.7,1.6,0.0,0.0,1.6,0.0,72321864.85,3347.3,21606.21,79100587.77,3457.4,22878.5,29311770.0,98793.0,296.7,95.1,8.6,30.6,10.7,2.4,16.9,526.0,93.7,11.7,194.0,232.0,246.0,256.0,270.0,243.0,235.0,255.0,105.0,193.0,161.0,172.0,118.0,2680.0,502.0,502.0,499.0,142.0,141.0,26.0,9.0,9.0,5.0,836.0,821.0,246.0,55.0,54.0,50.0,694.0,680.0,220.0,46.0,45.0,45.0,137.0,127.0,36.0,9.0,8.0,7.0,100.0,99.0,98.0,550.0,571.0,210.0,36.0,38.0,43.0,52.0,45.0,1523.0,1519.0,492.0,1216.0,1213.0,10.938775510204081
Cambridge,00490000,532,91.7,5.8,0.0,0.2,2.3,0.0,256862782.2,6952.1,36947.63,296380635.1,7558.3,39212.47,82350688.0,107958.0,762.8,92.6,12.7,46.8,21.7,7.0,15.1,1568.0,94.2,11.7,555.0,573.0,545.0,531.0,531.0,478.0,440.0,447.0,414.0,321.0,275.0,252.0,263.0,5625.0,505.0,504.0,501.0,475.0,458.0,128.0,17.0,17.0,15.0,1601.0,1541.0,464.0,58.0,56.0,54.0,1126.0,1083.0,336.0,41.0,39.0,39.0,341.0,368.0,133.0,12.0,13.0,16.0,98.0,98.0,97.0,799.0,835.0,260.0,29.0,30.0,30.0,56.0,54.0,2741.0,2744.0,857.0,1991.0,2036.0,10.573308270676693
Wareham,03100000,107,79.4,14.0,0.9,0.0,5.6,0.0,47203729.51,1960.0,24083.33,55620470.04,2348.0,23687.95,16041240.0,90119.0,178.0,92.8,12.1,49.2,21.8,5.4,28.2,355.0,91.8,15.2,169.0,176.0,165.0,175.0,156.0,147.0,146.0,150.0,77.0,81.0,74.0,67.0,66.0,1649.0,489.0,490.0,489.0,24.0,28.0,5.0,3.0,3.0,2.0,274.0,260.0,78.0,31.0,29.0,31.0,250.0,232.0,73.0,28.0,26.0,29.0,179.0,175.0,52.0,20.0,20.0,20.0,98.0,97.0,94.0,438.0,447.0,125.0,49.0,51.0,49.0,51.0,49.0,891.0,882.0,255.0,636.0,627.0,15.411214953271028
Edward M. Kennedy Academy for Health Careers: A Horace Mann Charter Public School (District),04520000,82,91.5,1.2,0.0,0.0,6.1,1.2,13487127.0,367.6,36693.02,13487127.0,367.6,36693.02,4449296.0,118493.0,35.6,87.3,21.5,68.7,48.3,17.3,52.7,90.0,92.4,13.6,,,,,,,,,,108.0,78.0,23.0,31.0,240.0,,,,,,,,,,,,,,,,,,,,,,,,,,,,,,,,,,,,,,,,,,,,2.926829268292683
Amherst-Pelham,06050000,202,92.6,4.5,0.0,0.5,2.5,0.0,34141149.0,1209.3,28231.9,38695548.18,1356.0,28536.4,10004894.0,92296.0,108.4,92.2,13.7,46.9,22.3,7.7,21.8,288.0,95.4,8.5,,,,,,,,175.0,178.0,158.0,159.0,208.0,169.0,1047.0,500.0,500.0,502.0,44.0,47.0,16.0,14.0,15.0,10.0,170.0,152.0,87.0,54.0,50.0,56.0,126.0,105.0,71.0,40.0,34.0,46.0,55.0,47.0,16.0,17.0,15.0,10.0,89.0,86.0,86.0,92.0,108.0,53.0,29.0,35.0,34.0,54.0,54.0,317.0,307.0,156.0,295.0,284.0,5.183168316831683
Greater Fall River Regional Vocational Technical,08210000,355,98.9,0.0,0.6,0.0,0.6,0.0,36943601.0,1427.9,25872.48,37006899.86,1440.0,25699.04,14116765.0,98650.0,143.1,95.0,8.8,35.1,8.8,1.9,11.4,207.0,93.7,11.1,,,,,,,,,,24.0,25.0,23.0,36.0,108.0,,,,,,,,,,,,,,,,,,,,,,,,,,,,,,,,,,,,,,,,,,,,0.30422535211267604
Pembroke,02310000,174,95.4,3.4,0.0,0.0,1.1,0.0,45875604.51,2425.9,18910.97,52492802.42,2562.9,20481.42,18029966.0,96469.0,186.9,94.3,10.1,42.1,11.6,2.0,0.0,312.0,95.0,9.3,174.0,164.0,189.0,186.0,184.0,163.0,195.0,185.0,167.0,86.0,68.0,75.0,108.0,1944.0,495.0,503.0,494.0,38.0,99.0,14.0,4.0,9.0,4.0,435.0,589.0,126.0,41.0,55.0,38.0,397.0,490.0,112.0,37.0,46.0,34.0,128.0,74.0,40.0,12.0,7.0,12.0,98.0,99.0,98.0,505.0,413.0,163.0,47.0,38.0,50.0,39.0,51.0,1068.0,1076.0,329.0,852.0,859.0,11.172413793103448
Mohawk Trail,07170000,42,88.1,4.8,0.0,2.4,4.8,0.0,21827084.89,804.8,27120.94,25210192.19,950.6,26521.01,5944685.0,86280.0,68.9,93.2,12.1,48.9,18.0,4.9,16.2,232.0,95.6,7.7,59.0,46.0,60.0,57.0,60.0,62.0,62.0,60.0,74.0,25.0,28.0,17.0,14.0,624.0,489.0,486.0,485.0,13.0,3.0,4.0,3.0,1.0,3.0,131.0,92.0,42.0,34.0,24.0,30.0,118.0,89.0,38.0,31.0,23.0,28.0,92.0,90.0,39.0,24.0,23.0,28.0,96.0,96.0,95.0,163.0,203.0,57.0,42.0,53.0,41.0,43.0,45.0,386.0,385.0,138.0,307.0,302.0,14.857142857142858
Manchester Essex Regional,06980000,116,97.4,0.9,0.0,0.0,1.7,0.0,30028892.0,1195.4,25121.42,33636823.84,1227.8,27395.09,12342703.0,98900.0,124.8,95.1,8.7,33.4,8.5,0.8,18.6,222.0,96.3,7.0,68.0,78.0,84.0,74.0,90.0,93.0,86.0,93.0,98.0,78.0,78.0,23.0,32.0,975.0,505.0,504.0,504.0,67.0,53.0,15.0,13.0,10.0,8.0,328.0,302.0,122.0,61.0,57.0,64.0,261.0,249.0,107.0,49.0,47.0,56.0,36.0,35.0,12.0,7.0,7.0,6.0,100.0,99.0,99.0,172.0,197.0,57.0,32.0,37.0,30.0,53.0,52.0,536.0,534.0,191.0,447.0,442.0,8.405172413793103
Tri-County Regional Vocational Technical,08780000,221,100.0,0.0,0.0,0.0,0.0,0.0,24343195.0,955.8,25468.48,24345255.45,956.1,25462.91,9387938.0,109289.0,85.9,94.6,9.7,37.8,13.8,2.3,6.4,152.0,93.6,11.6,,,,,,,,,,13.0,16.0,166.0,103.0,298.0,,,,,,,,,,,,,,,,,,,,,,,,,,,,,,,,,,,,,,,,,,,,1.3484162895927603
Central Berkshire,06350000,121,94.2,2.5,0.0,0.0,3.3,0.0,31347827.0,1585.9,19766.93,35432628.42,1786.6,19832.87,10390375.0,86371.0,120.3,94.1,10.4,43.7,16.7,2.5,30.8,255.0,93.8,11.3,91.0,110.0,121.0,115.0,106.0,134.0,108.0,125.0,123.0,60.0,49.0,42.0,42.0,1226.0,497.0,497.0,497.0,63.0,50.0,17.0,9.0,7.0,7.0,321.0,304.0,122.0,46.0,43.0,48.0,258.0,254.0,105.0,37.0,36.0,41.0,108.0,94.0,30.0,15.0,13.0,12.0,98.0,98.0,99.0,270.0,303.0,102.0,39.0,43.0,40.0,52.0,54.0,699.0,701.0,254.0,560.0,562.0,10.132231404958677
Southern Berkshire,07650000,40,90.0,5.0,0.0,0.0,5.0,0.0,20348754.74,613.6,33162.3,21525250.47,757.7,28410.46,4745271.0,62030.0,76.5,91.9,14.2,58.3,24.8,6.2,27.6,142.0,91.2,15.8,39.0,42.0,35.0,64.0,50.0,43.0,42.0,31.0,47.0,34.0,26.0,19.0,23.0,495.0,493.0,493.0,492.0,18.0,17.0,2.0,7.0,6.0,2.0,99.0,106.0,33.0,36.0,40.0,38.0,81.0,89.0,31.0,30.0,33.0,35.0,55.0,52.0,12.0,20.0,19.0,14.0,98.0,97.0,99.0,118.0,110.0,43.0,43.0,41.0,49.0,51.0,46.0,272.0,268.0,88.0,194.0,192.0,12.375
Norwell,02190000,154,97.4,1.3,0.0,0.6,0.6,0.0,41991817.39,2150.6,19525.43,46543353.03,2200.2,21154.1,16976069.0,100868.0,168.3,95.0,8.8,35.0,7.7,1.1,23.7,306.0,93.2,11.9,158.0,166.0,162.0,178.0,177.0,197.0,167.0,167.0,169.0,130.0,131.0,112.0,104.0,2018.0,508.0,509.0,506.0,150.0,154.0,49.0,14.0,15.0,14.0,707.0,718.0,232.0,67.0,68.0,64.0,557.0,564.0,183.0,53.0,53.0,51.0,56.0,38.0,18.0,5.0,4.0,5.0,99.0,100.0,99.0,294.0,305.0,112.0,28.0,29.0,31.0,54.0,55.0,1057.0,1061.0,362.0,865.0,869.0,13.103896103896103
Tewksbury,02950000,182,93.4,2.7,0.5,0.5,2.7,0.0,68271445.97,3255.0,20974.22,79404942.89,3423.3,23195.2,23703455.0,93284.0,254.1,94.8,9.1,36.5,11.2,2.0,22.3,546.0,93.7,11.3,0.0,254.0,303.0,251.0,260.0,253.0,248.0,269.0,272.0,133.0,138.0,77.0,131.0,2589.0,496.0,495.0,496.0,111.0,82.0,34.0,7.0,5.0,6.0,703.0,646.0,230.0,45.0,41.0,43.0,592.0,564.0,196.0,38.0,36.0,37.0,234.0,224.0,70.0,15.0,14.0,13.0,99.0,100.0,99.0,631.0,704.0,233.0,40.0,45.0,44.0,52.0,51.0,1568.0,1574.0,533.0,1253.0,1262.0,14.225274725274724
Narragansett,07200000,88,90.9,3.4,0.0,1.1,4.5,0.0,24927559.0,1465.6,17008.24,27263951.22,1572.2,17341.35,7448926.0,75777.0,98.3,94.3,10.0,38.0,14.2,3.4,25.8,223.0,91.4,15.7,109.0,98.0,103.0,99.0,101.0,116.0,119.0,112.0,14.0,46.0,31.0,53.0,58.0,1059.0,488.0,487.0,488.0,6.0,16.0,1.0,1.0,2.0,0.0,192.0,186.0,70.0,28.0,27.0,29.0,186.0,170.0,69.0,27.0,25.0,29.0,144.0,148.0,48.0,21.0,22.0,20.0,100.0,100.0,100.0,354.0,351.0,120.0,51.0,51.0,50.0,47.0,44.0,690.0,685.0,238.0,563.0,558.0,12.034090909090908
Saugus,02620000,208,84.1,6.2,0.0,0.5,9.1,0.0,46373943.22,2671.8,17356.85,57204356.55,3084.2,18547.35,16258884.0,89778.0,181.1,91.3,15.1,58.0,29.6,8.1,41.5,349.0,91.0,16.6,204.0,202.0,210.0,205.0,199.0,203.0,188.0,214.0,192.0,161.0,114.0,89.0,108.0,2289.0,485.0,491.0,490.0,21.0,43.0,13.0,2.0,4.0,3.0,317.0,411.0,127.0,26.0,34.0,33.0,296.0,368.0,114.0,24.0,30.0,30.0,313.0,238.0,83.0,26.0,20.0,22.0,99.0,97.0,95.0,592.0,560.0,171.0,48.0,46.0,45.0,42.0,51.0,1222.0,1209.0,381.0,923.0,917.0,11.004807692307692
Boston Green Academy Horace Mann Charter School (District),04110000,63,82.5,0.0,0.0,0.0,17.5,0.0,10287833.47,441.7,23293.33,10287833.47,441.7,23293.33,5145357.0,119966.0,42.7,86.7,22.8,67.1,48.2,21.7,59.4,90.0,93.4,11.7,,,,,,,,69.0,70.0,68.0,53.0,35.0,18.0,313.0,477.0,476.0,480.0,2.0,4.0,0.0,2.0,3.0,0.0,20.0,16.0,7.0,16.0,13.0,11.0,18.0,12.0,7.0,14.0,9.0,11.0,56.0,57.0,15.0,44.0,45.0,23.0,96.0,98.0,97.0,50.0,55.0,42.0,40.0,43.0,66.0,42.0,47.0,126.0,128.0,64.0,123.0,125.0,4.968253968253968
South Shore Charter Public (District),04880000,78,96.2,0.0,0.0,0.0,3.8,0.0,19180784.08,1060.2,18091.84,19180784.08,1060.2,18091.84,8024452.0,85070.0,46.4,93.4,11.5,45.0,19.0,3.8,36.4,170.0,94.1,10.8,84.0,85.0,84.0,83.0,82.0,84.0,81.0,81.0,85.0,47.0,39.0,29.0,25.0,889.0,494.0,492.0,493.0,28.0,29.0,9.0,6.0,6.0,5.0,221.0,176.0,61.0,45.0,36.0,37.0,193.0,147.0,52.0,39.0,30.0,31.0,91.0,91.0,31.0,18.0,18.0,19.0,100.0,99.0,99.0,183.0,226.0,74.0,37.0,46.0,45.0,52.0,41.0,495.0,493.0,166.0,384.0,384.0,11.397435897435898
Rockport,02520000,46,91.3,0.0,0.0,2.2,6.5,0.0,18695879.04,662.2,28231.56,21813768.75,723.5,30151.82,7507680.0,91446.0,82.1,93.8,11.0,42.3,16.7,3.3,34.0,136.0,91.5,15.9,42.0,41.0,36.0,41.0,47.0,40.0,43.0,52.0,49.0,61.0,68.0,50.0,41.0,611.0,496.0,494.0,503.0,19.0,16.0,13.0,7.0,6.0,14.0,123.0,111.0,57.0,44.0,40.0,63.0,104.0,95.0,44.0,38.0,34.0,49.0,42.0,42.0,8.0,15.0,15.0,9.0,99.0,99.0,97.0,112.0,127.0,25.0,40.0,45.0,28.0,45.0,45.0,277.0,280.0,90.0,223.0,225.0,13.282608695652174
North Brookfield,02150000,25,72.0,12.0,0.0,0.0,16.0,0.0,9404824.61,404.5,23248.9,12153777.31,618.9,19637.04,2855243.0,72468.0,39.4,88.7,19.5,68.2,32.7,14.8,43.8,,,,,,,,,,,,,,,,,,483.0,486.0,482.0,0.0,2.0,0.0,0.0,1.0,0.0,43.0,48.0,16.0,19.0,22.0,21.0,43.0,46.0,16.0,19.0,21.0,21.0,50.0,55.0,23.0,23.0,25.0,30.0,99.0,98.0,97.0,128.0,115.0,38.0,58.0,53.0,49.0,45.0,38.0,221.0,218.0,77.0,159.0,157.0,
Stoughton,02850000,307,88.6,4.6,0.7,0.0,6.2,0.0,72769567.0,3807.4,19112.72,81095029.03,4015.8,20194.1,30932060.0,96092.0,321.9,94.2,9.9,37.3,15.4,3.8,0.0,630.0,92.8,13.3,271.0,273.0,304.0,311.0,249.0,262.0,268.0,266.0,286.0,242.0,178.0,176.0,229.0,3315.0,492.0,493.0,492.0,82.0,67.0,27.0,5.0,4.0,5.0,596.0,584.0,200.0,37.0,37.0,38.0,514.0,517.0,173.0,32.0,33.0,33.0,310.0,249.0,96.0,19.0,16.0,18.0,99.0,99.0,98.0,690.0,757.0,232.0,43.0,48.0,44.0,46.0,48.0,1596.0,1590.0,528.0,1187.0,1199.0,10.798045602605864
Salem,02580000,256,86.3,7.8,0.0,0.4,5.5,0.0,99204878.31,3841.6,25823.55,115424337.9,4489.0,25712.55,34497395.0,96388.0,357.9,92.6,12.7,47.8,19.2,6.4,27.2,827.0,91.0,16.7,314.0,334.0,315.0,320.0,321.0,351.0,244.0,256.0,244.0,76.0,103.0,115.0,90.0,3083.0,488.0,484.0,488.0,84.0,45.0,31.0,5.0,3.0,5.0,538.0,414.0,196.0,32.0,24.0,33.0,454.0,369.0,165.0,27.0,22.0,28.0,434.0,525.0,165.0,26.0,31.0,28.0,99.0,99.0,99.0,724.0,768.0,237.0,43.0,45.0,40.0,56.0,50.0,1696.0,1707.0,598.0,1215.0,1233.0,12.04296875
Ludlow,01610000,203,88.2,3.9,1.5,1.0,5.4,0.0,44856703.0,2251.0,19927.7,50961278.57,2376.6,21443.04,16384497.0,84196.0,194.6,94.3,9.9,40.2,12.3,2.8,34.6,406.0,91.9,14.6,139.0,134.0,128.0,146.0,155.0,166.0,141.0,156.0,166.0,104.0,96.0,81.0,70.0,1682.0,484.0,489.0,488.0,15.0,29.0,6.0,2.0,3.0,2.0,221.0,304.0,98.0,23.0,31.0,29.0,206.0,275.0,92.0,21.0,28.0,27.0,253.0,192.0,68.0,26.0,20.0,20.0,99.0,99.0,97.0,491.0,473.0,171.0,51.0,49.0,51.0,42.0,46.0,965.0,969.0,337.0,780.0,782.0,8.285714285714286
Monomoy Regional School District,07120000,155,97.4,1.9,0.0,0.0,0.6,0.0,44299178.0,1731.4,25585.84,47684968.69,1869.2,25510.43,15181674.0,88886.0,170.8,93.9,10.6,43.9,15.3,2.8,35.5,353.0,94.5,9.8,101.0,89.0,116.0,116.0,120.0,121.0,134.0,140.0,113.0,102.0,95.0,91.0,83.0,1421.0,497.0,497.0,498.0,54.0,50.0,20.0,7.0,7.0,8.0,343.0,347.0,133.0,45.0,45.0,51.0,289.0,297.0,113.0,38.0,39.0,43.0,102.0,94.0,32.0,13.0,12.0,12.0,98.0,99.0,98.0,315.0,328.0,98.0,41.0,43.0,37.0,48.0,52.0,760.0,769.0,263.0,611.0,616.0,9.167741935483871
Berkshire Hills,06180000,141,86.5,3.5,0.0,0.7,9.2,0.0,35532031.15,1174.4,30255.48,39357790.27,1291.3,30479.2,10675206.0,90621.0,117.8,91.9,14.1,52.5,27.7,7.0,7.6,243.0,91.5,15.7,56.0,61.0,62.0,67.0,66.0,72.0,83.0,77.0,97.0,80.0,61.0,69.0,56.0,907.0,497.0,492.0,494.0,37.0,11.0,7.0,9.0,3.0,5.0,194.0,155.0,59.0,45.0,36.0,39.0,157.0,144.0,52.0,36.0,33.0,35.0,62.0,79.0,20.0,14.0,18.0,13.0,93.0,93.0,88.0,178.0,202.0,71.0,41.0,46.0,47.0,51.0,45.0,434.0,436.0,150.0,324.0,332.0,6.432624113475177
Bedford,00230000,224,98.7,0.0,0.0,0.4,0.9,0.0,59145395.0,2561.1,23093.55,66387166.34,2612.6,25410.18,23857888.0,104686.0,227.9,94.7,9.3,34.8,10.3,2.3,4.7,494.0,94.1,9.7,0.0,165.0,162.0,153.0,195.0,187.0,184.0,211.0,184.0,197.0,161.0,92.0,112.0,2003.0,511.0,511.0,511.0,254.0,251.0,89.0,23.0,22.0,24.0,770.0,751.0,262.0,69.0,66.0,70.0,516.0,500.0,173.0,46.0,44.0,46.0,92.0,106.0,36.0,8.0,9.0,10.0,98.0,98.0,99.0,261.0,273.0,78.0,23.0,24.0,21.0,58.0,51.0,1123.0,1130.0,376.0,930.0,940.0,8.941964285714286
Hamilton-Wenham,06750000,113,97.3,2.7,0.0,0.0,0.0,0.0,37036134.61,1660.6,22303.46,42069615.98,1714.3,24540.09,13868309.0,93642.0,148.1,95.8,7.5,27.0,5.3,0.7,4.7,301.0,96.5,6.3,119.0,137.0,139.0,153.0,131.0,124.0,131.0,137.0,120.0,97.0,79.0,65.0,82.0,1514.0,506.0,506.0,507.0,106.0,111.0,25.0,13.0,14.0,10.0,507.0,500.0,169.0,63.0,62.0,68.0,401.0,389.0,144.0,49.0,48.0,58.0,57.0,51.0,14.0,7.0,6.0,6.0,100.0,100.0,100.0,247.0,257.0,67.0,30.0,32.0,27.0,54.0,63.0,811.0,808.0,250.0,621.0,621.0,13.398230088495575
Uxbridge,03040000,148,87.8,7.4,0.0,1.4,3.4,0.0,33444420.0,1637.1,20429.06,38838843.53,1808.7,21472.91,12221530.0,90262.0,135.4,93.9,10.8,37.9,18.3,5.6,17.5,279.0,92.2,13.9,105.0,118.0,101.0,122.0,113.0,119.0,107.0,124.0,46.0,81.0,62.0,49.0,65.0,1212.0,493.0,495.0,491.0,31.0,35.0,13.0,4.0,5.0,5.0,301.0,304.0,85.0,42.0,42.0,36.0,270.0,269.0,72.0,38.0,37.0,30.0,112.0,93.0,41.0,16.0,13.0,17.0,100.0,99.0,96.0,306.0,322.0,111.0,43.0,45.0,47.0,45.0,51.0,719.0,719.0,237.0,555.0,556.0,8.18918918918919
Hadley,01170000,42,92.9,4.8,0.0,0.0,2.4,0.0,12984207.5,515.8,25173.49,14925104.75,623.7,23928.88,4112115.0,74766.0,55.0,94.0,10.4,41.6,16.3,3.2,6.0,115.0,93.9,10.6,32.0,39.0,41.0,38.0,45.0,31.0,42.0,20.0,38.0,15.0,24.0,19.0,28.0,412.0,499.0,499.0,500.0,18.0,19.0,7.0,8.0,8.0,9.0,118.0,105.0,42.0,51.0,46.0,56.0,100.0,86.0,35.0,43.0,38.0,47.0,26.0,24.0,7.0,11.0,10.0,9.0,99.0,99.0,100.0,86.0,100.0,26.0,37.0,44.0,35.0,58.0,56.0,230.0,229.0,75.0,175.0,175.0,9.80952380952381
Dedham,00730000,206,88.8,4.9,0.0,0.5,5.8,0.0,66912680.41,2674.0,25023.02,76095598.41,2805.0,27128.5,25907062.0,105228.0,246.2,94.0,10.5,42.1,15.7,3.4,0.0,500.0,93.2,12.2,201.0,217.0,221.0,218.0,224.0,219.0,195.0,185.0,189.0,86.0,94.0,93.0,106.0,2248.0,496.0,499.0,494.0,74.0,92.0,26.0,6.0,8.0,6.0,546.0,562.0,168.0,45.0,46.0,41.0,472.0,470.0,142.0,39.0,38.0,34.0,158.0,149.0,61.0,13.0,12.0,15.0,99.0,99.0,99.0,515.0,512.0,184.0,42.0,42.0,45.0,49.0,55.0,1219.0,1223.0,413.0,926.0,930.0,10.912621359223301
North Attleborough,02120000,315,92.4,3.2,0.0,0.0,4.4,0.0,66192554.0,3988.4,16596.29,72117826.0,4149.7,17379.26,28823729.0,95538.0,301.7,93.7,10.9,43.4,16.9,3.7,10.7,584.0,93.6,11.5,284.0,256.0,276.0,324.0,317.0,298.0,312.0,309.0,345.0,147.0,122.0,152.0,229.0,3371.0,497.0,496.0,500.0,110.0,102.0,69.0,6.0,5.0,11.0,848.0,819.0,324.0,45.0,44.0,51.0,738.0,717.0,255.0,39.0,38.0,40.0,226.0,262.0,82.0,12.0,14.0,13.0,98.0,98.0,98.0,798.0,801.0,225.0,43.0,43.0,36.0,48.0,47.0,1872.0,1882.0,631.0,1471.0,1471.0,10.7015873015873
Match Charter Public School (District),04690000,63,82.5,7.9,0.0,1.6,7.9,0.0,37549911.0,1157.6,32438.85,37549911.0,1157.6,32438.85,9952693.0,84266.0,121.6,92.7,12.7,49.7,24.4,6.1,40.8,295.0,95.5,8.3,79.0,94.0,97.0,96.0,99.0,94.0,92.0,87.0,81.0,84.0,78.0,55.0,7.0,1043.0,483.0,486.0,485.0,7.0,12.0,5.0,1.0,2.0,3.0,116.0,122.0,40.0,22.0,23.0,24.0,109.0,110.0,35.0,20.0,21.0,21.0,150.0,120.0,47.0,28.0,22.0,28.0,100.0,99.0,98.0,272.0,294.0,81.0,51.0,55.0,48.0,49.0,51.0,538.0,536.0,168.0,422.0,417.0,16.555555555555557
Brockton,00440000,1383,75.4,11.2,1.6,0.1,11.6,0.0,306932564.6,15076.6,20358.22,356258772.3,17184.7,20731.11,101057285.0,105757.0,963.1,91.8,13.7,49.9,26.9,8.2,22.7,2246.0,92.5,13.5,1280.0,1222.0,1208.0,1299.0,1202.0,1068.0,1009.0,1134.0,1192.0,683.0,471.0,505.0,633.0,12906.0,480.0,480.0,479.0,115.0,112.0,24.0,2.0,2.0,1.0,1328.0,1184.0,375.0,21.0,19.0,18.0,1213.0,1072.0,351.0,19.0,17.0,17.0,2406.0,2430.0,785.0,38.0,38.0,38.0,99.0,99.0,98.0,2647.0,2766.0,913.0,41.0,43.0,44.0,48.0,49.0,6381.0,6380.0,2073.0,4486.0,4569.0,9.331887201735357
Westborough,03210000,328,95.4,2.7,0.0,0.0,1.8,0.0,79864903.85,3889.3,20534.46,83704903.46,3952.5,21177.97,31495422.0,94609.0,332.9,94.3,9.8,38.5,15.2,3.3,13.5,675.0,93.0,11.7,220.0,270.0,250.0,297.0,264.0,293.0,281.0,311.0,299.0,139.0,140.0,136.0,177.0,3077.0,507.0,511.0,507.0,272.0,364.0,101.0,16.0,21.0,17.0,1097.0,1171.0,367.0,65.0,69.0,63.0,825.0,807.0,266.0,49.0,47.0,46.0,145.0,130.0,53.0,9.0,8.0,9.0,99.0,99.0,99.0,457.0,406.0,161.0,27.0,24.0,28.0,59.0,62.0,1699.0,1707.0,581.0,1299.0,1327.0,9.38109756097561
Quabbin,07530000,123,83.7,4.9,0.8,0.0,10.6,0.0,42105087.41,2151.7,19567.94,45793281.18,2261.3,20250.86,12548125.0,83990.0,149.4,93.4,11.5,47.4,19.0,4.1,33.2,355.0,94.7,9.2,134.0,149.0,139.0,156.0,158.0,175.0,161.0,48.0,35.0,131.0,105.0,79.0,75.0,1545.0,491.0,489.0,492.0,55.0,22.0,12.0,6.0,2.0,4.0,353.0,297.0,121.0,36.0,30.0,37.0,298.0,275.0,109.0,30.0,28.0,33.0,191.0,177.0,60.0,19.0,18.0,18.0,99.0,99.0,99.0,445.0,513.0,146.0,45.0,52.0,45.0,43.0,39.0,989.0,987.0,327.0,776.0,775.0,12.560975609756097
Everett,00930000,667,78.0,8.1,0.1,0.3,13.5,0.0,155574402.0,7416.1,20977.83,180693040.8,8302.0,21764.93,65017436.0,112487.0,578.0,91.2,13.9,53.2,32.1,9.7,43.6,969.0,96.6,6.3,495.0,516.0,516.0,520.0,512.0,567.0,490.0,534.0,535.0,295.0,303.0,318.0,286.0,5887.0,480.0,482.0,481.0,42.0,61.0,15.0,1.0,2.0,1.0,624.0,551.0,222.0,21.0,19.0,22.0,582.0,490.0,207.0,20.0,16.0,20.0,1066.0,946.0,366.0,36.0,32.0,36.0,100.0,100.0,99.0,1288.0,1476.0,437.0,43.0,50.0,43.0,51.0,47.0,2978.0,2973.0,1025.0,2214.0,2230.0,8.826086956521738
Longmeadow,01590000,233,96.6,3.0,0.0,0.0,0.4,0.0,49174721.91,2776.9,17708.39,53534359.28,2826.5,18939.86,20554822.0,84103.0,244.4,95.1,8.7,33.9,9.9,1.3,0.6,450.0,93.4,12.3,181.0,177.0,203.0,199.0,182.0,200.0,223.0,219.0,223.0,81.0,104.0,91.0,94.0,2177.0,503.0,506.0,506.0,116.0,154.0,51.0,9.0,12.0,12.0,722.0,768.0,265.0,59.0,62.0,63.0,606.0,614.0,214.0,49.0,50.0,51.0,99.0,76.0,28.0,8.0,6.0,7.0,98.0,98.0,98.0,411.0,393.0,127.0,33.0,32.0,30.0,46.0,50.0,1232.0,1237.0,420.0,977.0,982.0,9.343347639484978
Ashland,00140000,224,91.5,0.9,2.2,0.4,4.9,0.0,48750931.08,2914.8,16725.12,53207414.57,2968.8,17922.3,20917446.0,94563.0,221.2,94.7,9.3,36.4,13.4,2.4,7.1,390.0,94.1,10.8,179.0,218.0,177.0,234.0,241.0,198.0,232.0,236.0,222.0,181.0,135.0,136.0,109.0,2498.0,501.0,504.0,502.0,154.0,216.0,56.0,11.0,16.0,14.0,727.0,746.0,226.0,54.0,55.0,55.0,573.0,530.0,170.0,42.0,39.0,41.0,168.0,154.0,48.0,12.0,11.0,12.0,99.0,99.0,98.0,456.0,451.0,136.0,34.0,33.0,33.0,55.0,57.0,1351.0,1351.0,410.0,1061.0,1061.0,11.151785714285714
Danvers,00710000,195,92.3,4.6,0.0,0.0,3.1,0.0,65157358.18,3304.8,19716.21,74994769.16,3451.5,21728.28,26523813.0,97514.0,272.0,93.8,10.8,40.9,15.5,3.7,32.5,575.0,94.0,11.1,224.0,265.0,269.0,254.0,308.0,266.0,269.0,224.0,256.0,129.0,158.0,130.0,132.0,2884.0,491.0,494.0,492.0,51.0,78.0,21.0,3.0,5.0,4.0,570.0,587.0,208.0,37.0,38.0,41.0,519.0,509.0,187.0,33.0,33.0,37.0,301.0,243.0,97.0,19.0,16.0,19.0,98.0,98.0,97.0,690.0,725.0,206.0,44.0,47.0,40.0,42.0,43.0,1561.0,1555.0,511.0,1231.0,1226.0,14.78974358974359
Fitchburg,00970000,387,84.8,5.9,0.3,0.3,8.8,0.0,107395145.5,5147.0,20865.76,128755298.5,5895.3,21840.48,37922010.0,84723.0,447.6,90.5,15.7,59.9,36.2,10.2,47.6,854.0,94.3,10.6,439.0,386.0,450.0,401.0,410.0,434.0,468.0,374.0,402.0,283.0,222.0,163.0,133.0,4565.0,482.0,483.0,479.0,74.0,59.0,21.0,3.0,2.0,3.0,624.0,551.0,163.0,26.0,23.0,20.0,550.0,492.0,142.0,23.0,20.0,18.0,811.0,760.0,319.0,33.0,31.0,39.0,99.0,99.0,98.0,987.0,1104.0,329.0,41.0,46.0,41.0,45.0,43.0,2422.0,2415.0,811.0,1751.0,1754.0,11.795865633074936
Minuteman Regional Vocational Technical,08300000,177,95.5,0.6,0.0,0.0,4.0,0.0,24805529.0,667.3,37170.81,24973005.0,669.3,37309.96,9190006.0,111529.0,82.4,94.0,10.5,46.8,15.1,1.8,24.4,134.0,94.2,10.8,,,,,,,,,,112.0,51.0,63.0,50.0,276.0,,,,,,,,,,,,,,,,,,,,,,,,,,,,,,,,,,,,,,,,,,,,1.5593220338983051
Whittier Regional Vocational Technical,08850000,310,99.0,0.0,0.0,0.3,0.6,0.0,32198204.0,1275.6,25241.61,32228572.0,1279.6,25186.44,12172602.0,98008.0,124.2,94.0,10.7,39.4,15.3,3.3,3.2,159.0,95.3,8.6,,,,,,,,,,2.0,9.0,153.0,135.0,299.0,,,,,,,,,,,,,,,,,,,,,,,,,,,,,,,,,,,,,,,,,,,,0.964516129032258
Dartmouth,00720000,249,92.4,3.2,0.0,0.4,4.0,0.0,61546955.5,3394.6,18131.08,67798926.27,3506.5,19335.48,25734530.0,93106.0,276.4,94.2,10.2,39.2,13.4,3.1,22.3,507.0,92.3,14.3,195.0,238.0,242.0,268.0,254.0,281.0,269.0,228.0,207.0,159.0,161.0,142.0,151.0,2795.0,500.0,502.0,496.0,120.0,132.0,31.0,7.0,8.0,6.0,826.0,870.0,242.0,51.0,54.0,45.0,706.0,738.0,211.0,44.0,46.0,40.0,182.0,138.0,69.0,11.0,9.0,13.0,99.0,98.0,98.0,597.0,589.0,223.0,37.0,37.0,42.0,52.0,53.0,1605.0,1597.0,534.0,1262.0,1257.0,11.224899598393574
Palmer,02270000,78,94.9,3.8,1.3,0.0,0.0,0.0,24578476.09,1061.5,23154.6,29088490.03,1233.9,23575.39,8236370.0,80277.0,102.6,93.7,10.5,38.9,16.8,5.2,38.9,228.0,92.2,13.6,84.0,90.0,92.0,88.0,104.0,68.0,93.0,112.0,91.0,22.0,29.0,20.0,45.0,938.0,485.0,488.0,487.0,8.0,17.0,4.0,1.0,3.0,3.0,143.0,159.0,43.0,26.0,29.0,27.0,135.0,142.0,39.0,24.0,26.0,24.0,156.0,119.0,44.0,28.0,22.0,28.0,98.0,98.0,98.0,253.0,272.0,73.0,46.0,49.0,46.0,45.0,47.0,552.0,550.0,160.0,414.0,416.0,12.025641025641026
Burlington,00480000,247,93.5,1.6,0.0,0.0,4.9,0.0,88964890.0,3544.2,25101.58,101223928.9,3650.1,27731.65,34897434.0,106851.0,326.6,94.2,10.0,38.9,14.3,2.9,11.3,643.0,92.6,13.8,0.0,288.0,273.0,302.0,284.0,276.0,272.0,282.0,291.0,92.0,85.0,67.0,105.0,2617.0,500.0,501.0,496.0,148.0,177.0,29.0,9.0,10.0,5.0,879.0,904.0,254.0,52.0,53.0,46.0,731.0,727.0,225.0,43.0,43.0,40.0,206.0,186.0,79.0,12.0,11.0,14.0,99.0,99.0,98.0,610.0,606.0,224.0,36.0,36.0,40.0,53.0,49.0,1695.0,1696.0,557.0,1321.0,1325.0,10.595141700404858
Braintree,00400000,448,95.5,0.7,0.0,0.0,3.8,0.0,103873561.3,5313.5,19549.01,113517385.5,5449.9,20829.08,42505676.0,102103.0,416.3,94.7,8.9,33.4,11.6,3.0,0.0,773.0,93.9,11.0,317.0,331.0,383.0,424.0,396.0,373.0,428.0,393.0,393.0,215.0,259.0,216.0,201.0,4329.0,500.0,504.0,504.0,230.0,297.0,116.0,9.0,12.0,15.0,1271.0,1404.0,470.0,52.0,57.0,59.0,1041.0,1107.0,354.0,42.0,45.0,44.0,290.0,241.0,77.0,12.0,10.0,10.0,99.0,99.0,99.0,904.0,823.0,253.0,37.0,33.0,32.0,50.0,54.0,2465.0,2468.0,800.0,1895.0,1909.0,9.662946428571429
Lawrence,01490000,1004,82.2,7.1,0.2,0.1,10.5,0.0,313010435.6,13351.5,23443.9,364032614.6,15499.6,23486.62,97151679.0,84516.0,1149.5,92.1,13.6,48.3,23.3,7.3,5.2,2442.0,91.9,15.0,671.0,1044.0,999.0,971.0,1011.0,971.0,890.0,923.0,963.0,560.0,521.0,470.0,461.0,10455.0,477.0,481.0,478.0,103.0,127.0,30.0,2.0,2.0,2.0,1032.0,1093.0,336.0,18.0,19.0,17.0,929.0,966.0,306.0,16.0,17.0,16.0,2384.0,2081.0,788.0,41.0,36.0,40.0,100.0,100.0,99.0,2427.0,2673.0,846.0,42.0,46.0,43.0,51.0,53.0,5843.0,5847.0,1970.0,4228.0,4298.0,10.413346613545817
West Springfield,03320000,291,91.4,3.1,0.0,0.7,4.8,0.0,75123216.57,4004.2,18760.97,83837999.84,4244.6,19751.82,28502881.0,83026.0,343.3,93.6,10.9,42.5,19.1,4.4,17.3,711.0,90.7,16.5,237.0,260.0,289.0,267.0,305.0,297.0,277.0,276.0,287.0,266.0,192.0,218.0,133.0,3304.0,489.0,491.0,488.0,74.0,85.0,24.0,4.0,5.0,4.0,609.0,606.0,186.0,35.0,35.0,31.0,535.0,521.0,162.0,31.0,30.0,27.0,427.0,354.0,149.0,24.0,20.0,25.0,100.0,99.0,99.0,712.0,784.0,256.0,41.0,45.0,43.0,47.0,46.0,1748.0,1744.0,591.0,1314.0,1340.0,11.353951890034365
Southbridge,02770000,126,78.6,4.8,2.4,0.0,14.3,0.0,46430703.01,1888.6,24585.3,54818209.11,2306.3,23768.91,12962180.0,75714.0,171.2,89.9,16.4,60.2,36.9,12.3,49.6,441.0,94.0,10.7,179.0,168.0,123.0,131.0,149.0,142.0,104.0,131.0,143.0,99.0,89.0,81.0,91.0,1630.0,475.0,473.0,473.0,14.0,6.0,0.0,2.0,1.0,0.0,112.0,83.0,31.0,14.0,10.0,11.0,98.0,77.0,31.0,12.0,9.0,11.0,378.0,403.0,130.0,46.0,49.0,45.0,99.0,99.0,98.0,333.0,337.0,129.0,40.0,41.0,44.0,48.0,50.0,823.0,823.0,290.0,594.0,594.0,12.936507936507937
Berlin-Boylston,06200000,60,98.3,0.0,0.0,0.0,1.7,0.0,21750000.0,1096.7,19832.32,24479577.03,1166.3,20989.43,7837913.0,85102.0,92.1,94.8,9.0,36.2,9.9,1.9,22.8,195.0,93.7,11.3,88.0,89.0,98.0,96.0,82.0,93.0,77.0,82.0,73.0,36.0,36.0,29.0,41.0,920.0,504.0,504.0,504.0,60.0,59.0,17.0,12.0,11.0,10.0,294.0,306.0,102.0,57.0,60.0,59.0,234.0,247.0,85.0,46.0,48.0,49.0,46.0,47.0,17.0,9.0,9.0,10.0,100.0,100.0,100.0,174.0,161.0,54.0,34.0,31.0,31.0,52.0,51.0,514.0,514.0,173.0,396.0,399.0,15.333333333333334
Easthampton,00860000,101,93.1,2.0,0.0,1.0,4.0,0.0,24386250.69,1403.7,17372.49,31513810.75,1711.7,18410.6,8849917.0,75127.0,117.8,93.3,11.7,48.2,20.1,3.9,12.6,245.0,91.8,14.9,87.0,85.0,103.0,100.0,120.0,123.0,114.0,108.0,106.0,77.0,65.0,41.0,63.0,1192.0,488.0,491.0,492.0,16.0,16.0,7.0,2.0,2.0,3.0,203.0,228.0,79.0,31.0,35.0,36.0,187.0,212.0,72.0,29.0,33.0,33.0,143.0,118.0,33.0,22.0,18.0,15.0,96.0,96.0,94.0,305.0,304.0,105.0,47.0,47.0,48.0,40.0,46.0,651.0,650.0,217.0,526.0,531.0,11.801980198019802
Sharon,02660000,281,95.7,2.8,0.0,0.4,1.1,0.0,73300915.13,3568.5,20541.26,80118141.94,3648.6,21958.86,28044261.0,102426.0,273.8,95.2,8.5,30.9,9.8,1.7,5.6,554.0,93.2,12.3,206.0,215.0,248.0,230.0,249.0,276.0,292.0,258.0,267.0,221.0,232.0,135.0,149.0,2978.0,508.0,512.0,511.0,208.0,328.0,104.0,13.0,21.0,19.0,1044.0,1060.0,392.0,67.0,68.0,72.0,836.0,732.0,288.0,54.0,47.0,53.0,84.0,77.0,30.0,5.0,5.0,6.0,99.0,99.0,99.0,425.0,416.0,121.0,27.0,27.0,22.0,53.0,51.0,1553.0,1553.0,543.0,1276.0,1279.0,10.597864768683275
Lexington,01550000,598,98.2,1.8,0.0,0.0,0.0,0.0,178521640.5,6828.4,26144.06,193203807.2,6941.8,27831.89,69774605.0,107428.0,649.5,95.4,8.3,30.7,9.4,1.8,5.4,1398.0,92.1,14.3,325.0,409.0,401.0,470.0,455.0,526.0,566.0,557.0,562.0,508.0,481.0,447.0,521.0,6228.0,516.0,519.0,515.0,884.0,1120.0,295.0,28.0,36.0,27.0,2376.0,2451.0,839.0,75.0,78.0,76.0,1492.0,1331.0,544.0,47.0,42.0,49.0,185.0,179.0,55.0,6.0,6.0,5.0,99.0,99.0,99.0,588.0,519.0,205.0,19.0,16.0,19.0,62.0,59.0,3149.0,3149.0,1099.0,2493.0,2509.0,10.414715719063546
Peabody,02290000,399,83.7,8.0,0.3,0.3,7.8,0.0,113078477.8,5905.6,19147.58,128983015.4,6252.8,20628.2,44530723.0,92811.0,479.8,92.9,12.4,50.9,22.6,4.9,49.1,887.0,95.2,8.3,446.0,478.0,457.0,511.0,437.0,459.0,457.0,414.0,440.0,132.0,131.0,167.0,226.0,4755.0,486.0,489.0,487.0,49.0,82.0,30.0,2.0,3.0,3.0,800.0,831.0,295.0,30.0,31.0,33.0,751.0,749.0,265.0,28.0,28.0,29.0,692.0,588.0,232.0,26.0,22.0,26.0,100.0,98.0,99.0,1218.0,1239.0,374.0,45.0,47.0,42.0,45.0,50.0,2710.0,2658.0,901.0,2034.0,2010.0,11.917293233082706
Wakefield,03050000,221,95.5,1.8,0.0,0.5,2.3,0.0,67879388.0,3353.6,20240.99,72416871.54,3491.1,20743.16,27240233.0,94881.0,287.1,92.0,14.5,69.6,21.1,3.6,13.8,538.0,94.6,10.0,262.0,273.0,233.0,258.0,291.0,252.0,262.0,265.0,267.0,189.0,153.0,111.0,137.0,2953.0,502.0,501.0,502.0,152.0,151.0,59.0,9.0,9.0,11.0,883.0,852.0,293.0,55.0,53.0,56.0,731.0,701.0,234.0,46.0,44.0,44.0,171.0,162.0,55.0,11.0,10.0,10.0,99.0,99.0,99.0,551.0,596.0,179.0,34.0,37.0,34.0,53.0,51.0,1605.0,1610.0,527.0,1283.0,1284.0,13.361990950226245
Assabet Valley Regional Vocational Technical,08010000,274,98.5,0.0,0.0,0.0,1.5,0.0,31780934.07,1098.5,28932.09,31848954.27,1101.2,28921.34,11523431.0,101260.0,113.8,91.6,15.0,55.8,27.7,7.5,38.0,179.0,95.3,8.8,,,,,,,,,,116.0,111.0,99.0,140.0,466.0,,,,,,,,,,,,,,,,,,,,,,,,,,,,,,,,,,,,,,,,,,,,1.7007299270072993
Somerville,02740000,397,86.1,4.0,0.0,0.3,9.6,0.0,136354106.8,4974.7,27409.51,152133921.9,5355.6,28406.68,46160440.0,104743.0,440.7,92.8,12.0,44.1,19.3,5.8,32.2,832.0,92.2,14.5,348.0,375.0,334.0,374.0,362.0,380.0,350.0,299.0,335.0,283.0,266.0,169.0,188.0,4063.0,491.0,488.0,492.0,208.0,168.0,73.0,10.0,8.0,11.0,816.0,679.0,279.0,39.0,33.0,40.0,608.0,511.0,206.0,29.0,25.0,30.0,558.0,634.0,184.0,27.0,30.0,27.0,99.0,99.0,97.0,696.0,771.0,229.0,34.0,37.0,33.0,51.0,51.0,2070.0,2084.0,692.0,1557.0,1576.0,10.23425692695214
Newton,02070000,1021,95.5,3.0,0.0,0.1,1.4,0.0,301725884.4,11764.7,25646.73,316628861.6,11918.0,26567.23,110872817.0,104716.0,1058.8,94.8,9.1,34.5,11.3,2.3,7.6,2445.0,93.8,11.3,707.0,748.0,784.0,836.0,887.0,876.0,890.0,852.0,910.0,517.0,572.0,420.0,433.0,9432.0,508.0,511.0,509.0,895.0,1132.0,325.0,17.0,22.0,19.0,3428.0,3578.0,1209.0,66.0,69.0,69.0,2533.0,2446.0,884.0,49.0,47.0,51.0,431.0,383.0,116.0,8.0,7.0,7.0,99.0,99.0,99.0,1301.0,1196.0,421.0,25.0,23.0,24.0,58.0,60.0,5160.0,5157.0,1746.0,4037.0,4083.0,9.238001958863858
Needham,01990000,420,97.9,1.7,0.0,0.0,0.5,0.0,131859100.7,5570.5,23670.8,141258053.0,5666.6,24928.34,45784959.0,101790.0,449.8,95.7,7.7,26.1,6.7,1.3,0.4,1016.0,94.3,10.3,391.0,383.0,442.0,408.0,428.0,425.0,444.0,424.0,420.0,406.0,363.0,239.0,216.0,4989.0,513.0,513.0,510.0,558.0,540.0,158.0,22.0,21.0,19.0,1849.0,1903.0,602.0,72.0,74.0,71.0,1291.0,1363.0,444.0,50.0,53.0,52.0,122.0,112.0,55.0,5.0,4.0,6.0,99.0,99.0,98.0,588.0,553.0,192.0,23.0,22.0,23.0,61.0,63.0,2559.0,2568.0,849.0,2057.0,2069.0,11.878571428571428
Chelsea,00570000,511,70.1,14.1,0.0,0.4,15.5,0.0,139364192.8,6184.2,22535.44,178021304.8,7293.8,24407.2,43935566.0,89573.0,490.5,88.7,18.8,59.0,36.0,15.0,53.8,988.0,92.6,13.9,454.0,446.0,467.0,496.0,460.0,408.0,429.0,439.0,408.0,354.0,278.0,223.0,219.0,5081.0,478.0,481.0,477.0,27.0,74.0,8.0,1.0,3.0,1.0,458.0,506.0,107.0,18.0,20.0,14.0,431.0,432.0,99.0,17.0,17.0,13.0,980.0,935.0,303.0,39.0,37.0,38.0,99.0,99.0,99.0,1080.0,1077.0,378.0,43.0,43.0,48.0,49.0,42.0,2518.0,2518.0,788.0,1828.0,1842.0,9.943248532289628
Leominster,01530000,493,90.9,3.2,0.0,0.2,5.7,0.0,113294283.3,6007.0,18860.45,125393434.3,6393.9,19611.45,39024054.0,88631.0,440.3,92.7,12.5,49.1,22.4,5.4,39.2,984.0,93.8,10.8,154.0,410.0,418.0,491.0,430.0,465.0,488.0,467.0,434.0,302.0,260.0,183.0,180.0,4682.0,491.0,492.0,491.0,142.0,159.0,41.0,5.0,6.0,5.0,1004.0,964.0,318.0,36.0,35.0,35.0,862.0,805.0,277.0,31.0,29.0,31.0,591.0,566.0,182.0,21.0,20.0,20.0,100.0,100.0,99.0,1171.0,1231.0,400.0,42.0,45.0,44.0,53.0,50.0,2766.0,2761.0,900.0,2030.0,2034.0,9.496957403651116
Innovation Academy Charter (District),04350000,94,94.7,3.2,0.0,0.0,2.1,0.0,14435529.0,790.5,18260.34,14435529.0,790.5,18260.34,4886565.0,68753.0,70.9,92.8,12.9,51.9,18.8,5.7,16.6,138.0,95.9,7.2,,,,,,104.0,101.0,101.0,100.0,62.0,77.0,66.0,54.0,665.0,494.0,491.0,488.0,15.0,13.0,6.0,4.0,3.0,3.0,164.0,122.0,53.0,41.0,31.0,27.0,149.0,109.0,47.0,38.0,28.0,24.0,54.0,57.0,36.0,14.0,14.0,18.0,98.0,98.0,97.0,179.0,215.0,108.0,45.0,55.0,55.0,46.0,39.0,397.0,394.0,197.0,383.0,377.0,7.074468085106383
Maynard,01740000,85,91.8,0.0,0.0,1.2,7.1,0.0,29128979.04,1218.4,23906.8,33934811.69,1384.8,24505.4,10304411.0,88985.0,115.8,94.4,9.8,35.1,14.5,3.4,12.3,234.0,91.0,17.0,103.0,112.0,92.0,97.0,93.0,93.0,82.0,98.0,90.0,66.0,47.0,57.0,53.0,1083.0,492.0,490.0,498.0,20.0,16.0,12.0,4.0,3.0,6.0,226.0,175.0,92.0,41.0,32.0,50.0,206.0,159.0,80.0,37.0,29.0,43.0,97.0,92.0,22.0,18.0,17.0,12.0,99.0,98.0,98.0,229.0,279.0,71.0,41.0,51.0,38.0,49.0,46.0,552.0,546.0,185.0,434.0,429.0,12.741176470588234
Northbridge,02140000,111,84.7,1.8,0.0,1.8,11.7,0.0,33697610.92,1875.3,17969.5,39356844.51,2097.8,18760.78,13166645.0,88664.0,148.5,93.3,11.7,47.3,19.0,4.3,35.9,343.0,94.8,10.1,133.0,165.0,148.0,152.0,150.0,135.0,122.0,127.0,125.0,87.0,89.0,96.0,80.0,1609.0,490.0,490.0,491.0,27.0,24.0,7.0,3.0,3.0,3.0,287.0,290.0,100.0,35.0,35.0,37.0,260.0,266.0,93.0,32.0,32.0,34.0,171.0,156.0,51.0,21.0,19.0,19.0,98.0,98.0,95.0,366.0,376.0,119.0,44.0,46.0,44.0,48.0,47.0,824.0,822.0,270.0,626.0,628.0,14.495495495495495
Medford,01760000,298,90.9,3.4,0.0,0.7,5.0,0.0,94136254.16,4159.7,22630.66,108100078.3,4624.0,23377.91,39545304.0,98518.0,401.4,94.1,10.2,38.1,15.1,3.9,33.0,717.0,100.0,0.0,301.0,348.0,285.0,351.0,335.0,306.0,307.0,293.0,318.0,25.0,95.0,97.0,117.0,3178.0,492.0,492.0,493.0,124.0,94.0,45.0,7.0,5.0,8.0,746.0,643.0,238.0,40.0,35.0,40.0,622.0,549.0,193.0,34.0,30.0,33.0,403.0,354.0,120.0,22.0,19.0,20.0,98.0,98.0,96.0,697.0,840.0,235.0,38.0,46.0,40.0,46.0,49.0,1846.0,1837.0,593.0,1350.0,1358.0,10.664429530201343
Concord-Carlisle,06400000,313,96.8,2.6,0.0,0.3,0.3,0.0,34725127.91,1213.0,28628.0,38630802.16,1258.0,30708.57,13247918.0,126051.0,105.1,95.1,8.6,30.5,10.6,1.8,0.1,228.0,94.8,9.9,,,,,,,,,,201.0,129.0,107.0,178.0,615.0,,,,,,,,,,,,,,,,,,,,,,,,,,,,,,,,,,,,,,,,,,,,1.964856230031949
"Phoenix Academy Public Charter High School, Lawrence (District)",35180000,52,1.9,48.1,0.0,3.8,46.2,0.0,3388139.59,104.4,32444.12,3388139.59,104.4,32444.12,1197596.0,99750.0,12.4,53.1,67.7,88.0,88.6,78.4,0.0,19.0,97.0,5.5,,,,,,,,,,0.0,,0.0,0.0,0.0,,,,,,,,,,,,,,,,,,,,,,,,,,,,,,,,,,,,,,,,,,,,0.0
Abby Kelley Foster Charter Public (District),04450000,76,100.0,0.0,0.0,0.0,0.0,0.0,25489056.09,1421.4,17932.99,25489056.09,1421.4,17932.99,10393591.0,83441.0,125.9,96.0,7.1,25.6,7.3,0.8,14.2,214.0,92.7,13.2,121.0,123.0,124.0,126.0,132.0,127.0,128.0,111.0,108.0,80.0,74.0,48.0,53.0,1355.0,490.0,490.0,490.0,26.0,20.0,7.0,4.0,3.0,3.0,242.0,223.0,78.0,33.0,31.0,33.0,216.0,203.0,71.0,30.0,28.0,30.0,120.0,127.0,43.0,16.0,17.0,18.0,100.0,100.0,100.0,366.0,376.0,113.0,50.0,52.0,48.0,51.0,52.0,728.0,726.0,234.0,597.0,596.0,17.82894736842105
Scituate,02640000,205,96.1,2.9,0.0,0.0,1.0,0.0,56069349.24,2743.8,20434.59,60093697.66,2794.0,21508.37,25492203.0,107926.0,236.2,94.9,9.1,36.7,8.6,1.2,11.2,442.0,93.9,11.2,229.0,197.0,244.0,201.0,205.0,235.0,235.0,209.0,181.0,151.0,119.0,94.0,101.0,2401.0,506.0,507.0,507.0,160.0,151.0,57.0,13.0,12.0,14.0,772.0,780.0,267.0,61.0,61.0,64.0,612.0,629.0,210.0,48.0,49.0,51.0,69.0,55.0,18.0,5.0,4.0,4.0,99.0,99.0,99.0,428.0,440.0,130.0,34.0,35.0,31.0,52.0,52.0,1269.0,1275.0,415.0,1034.0,1042.0,11.71219512195122
Fall River,00950000,759,76.8,7.1,0.8,0.4,14.9,0.0,260922821.0,10880.6,23980.53,307277447.3,13005.7,23626.33,71454104.0,82549.0,865.6,91.5,14.2,54.3,27.2,8.6,37.9,2151.0,90.4,16.8,935.0,944.0,995.0,1006.0,882.0,954.0,617.0,685.0,613.0,364.0,368.0,392.0,277.0,9032.0,479.0,480.0,478.0,89.0,87.0,24.0,2.0,2.0,1.0,960.0,912.0,296.0,19.0,18.0,18.0,871.0,825.0,272.0,17.0,16.0,16.0,1871.0,1809.0,666.0,37.0,36.0,39.0,99.0,99.0,98.0,2173.0,2293.0,727.0,43.0,46.0,43.0,46.0,45.0,5004.0,5014.0,1689.0,3477.0,3527.0,11.899868247694334
Millis,01870000,82,96.3,2.4,0.0,0.0,1.2,0.0,24933000.24,1180.4,21123.3,27271545.52,1225.2,22257.96,10353881.0,100915.0,102.6,94.8,9.1,34.8,11.0,1.7,0.0,181.0,93.4,12.4,82.0,96.0,101.0,99.0,83.0,107.0,82.0,96.0,88.0,47.0,16.0,21.0,21.0,939.0,497.0,498.0,497.0,33.0,26.0,11.0,6.0,5.0,6.0,251.0,257.0,96.0,45.0,46.0,48.0,218.0,231.0,85.0,39.0,41.0,43.0,59.0,55.0,31.0,10.0,10.0,16.0,100.0,100.0,100.0,252.0,251.0,72.0,45.0,45.0,36.0,48.0,53.0,562.0,563.0,199.0,444.0,444.0,11.451219512195122
Cohasset,00650000,105,95.2,2.9,0.0,0.0,1.9,0.0,32184950.75,1429.4,22516.49,35254149.68,1461.7,24119.42,12916869.0,97046.0,133.1,95.6,7.7,27.2,5.2,0.6,12.4,242.0,95.7,7.9,105.0,106.0,121.0,125.0,114.0,105.0,106.0,89.0,102.0,76.0,85.0,98.0,93.0,1325.0,511.0,509.0,504.0,132.0,79.0,16.0,20.0,12.0,8.0,471.0,445.0,128.0,73.0,69.0,61.0,339.0,366.0,112.0,52.0,56.0,53.0,37.0,41.0,16.0,6.0,6.0,8.0,100.0,100.0,100.0,140.0,162.0,67.0,22.0,25.0,32.0,62.0,55.0,648.0,648.0,211.0,497.0,499.0,12.619047619047619
Methuen,01810000,541,90.9,2.4,0.7,0.2,5.7,0.0,120926931.2,6602.6,18314.99,144742928.5,7092.0,20409.2,46635301.0,86154.0,541.3,92.3,13.3,47.5,23.9,7.5,30.3,920.0,94.5,10.1,450.0,480.0,470.0,473.0,504.0,517.0,546.0,537.0,545.0,265.0,291.0,319.0,370.0,5767.0,487.0,486.0,485.0,106.0,99.0,26.0,3.0,3.0,2.0,925.0,848.0,282.0,30.0,27.0,27.0,819.0,749.0,256.0,26.0,24.0,24.0,769.0,823.0,287.0,25.0,27.0,27.0,99.0,100.0,99.0,1397.0,1430.0,490.0,45.0,46.0,46.0,48.0,51.0,3091.0,3101.0,1059.0,2403.0,2410.0,10.65988909426987
Dighton-Rehoboth,06500000,172,91.9,4.7,0.0,0.6,2.9,0.0,47064873.0,2584.9,18207.74,50237123.62,2683.6,18720.05,19048403.0,91054.0,209.2,94.1,10.4,41.6,14.4,2.9,25.0,369.0,93.9,10.6,193.0,213.0,195.0,197.0,227.0,192.0,213.0,207.0,213.0,86.0,72.0,112.0,127.0,2247.0,496.0,495.0,500.0,61.0,57.0,29.0,5.0,5.0,7.0,554.0,495.0,212.0,44.0,40.0,52.0,493.0,438.0,183.0,40.0,35.0,45.0,144.0,140.0,31.0,12.0,11.0,8.0,99.0,99.0,100.0,548.0,609.0,162.0,44.0,49.0,40.0,51.0,51.0,1246.0,1244.0,405.0,1011.0,1008.0,13.063953488372093
Montachusett Regional Vocational Technical,08320000,345,98.6,0.6,0.0,0.0,0.9,0.0,36386360.18,1426.8,25501.68,36639398.6,1471.0,24907.27,11732457.0,98675.0,118.9,95.8,7.3,25.4,7.9,1.3,1.5,198.0,92.5,14.2,,,,,,,,,,115.0,32.0,26.0,41.0,214.0,,,,,,,,,,,,,,,,,,,,,,,,,,,,,,,,,,,,,,,,,,,,0.6202898550724638
Avon,00180000,60,90.0,5.0,0.0,0.0,5.0,0.0,15005320.0,737.4,20350.34,16139567.0,771.4,20921.17,6396411.0,84497.0,75.7,94.9,8.9,30.7,11.6,2.9,16.2,133.0,94.2,9.7,50.0,46.0,56.0,54.0,50.0,49.0,50.0,62.0,59.0,33.0,29.0,24.0,44.0,606.0,488.0,487.0,486.0,14.0,12.0,3.0,4.0,4.0,3.0,107.0,93.0,29.0,32.0,28.0,26.0,93.0,81.0,26.0,28.0,24.0,23.0,80.0,84.0,27.0,24.0,25.0,24.0,99.0,98.0,99.0,145.0,157.0,56.0,44.0,47.0,50.0,43.0,41.0,332.0,334.0,112.0,262.0,266.0,10.1
Mendon-Upton,07100000,161,93.8,2.5,0.0,0.6,3.1,0.0,42141747.0,2073.5,20324.13,46192266.18,2161.0,21375.71,14701401.0,91256.0,161.1,94.9,9.0,36.0,10.7,1.9,20.8,335.0,93.2,11.9,164.0,172.0,167.0,161.0,160.0,169.0,151.0,156.0,133.0,63.0,77.0,51.0,95.0,1719.0,497.0,500.0,498.0,54.0,73.0,16.0,5.0,7.0,5.0,476.0,495.0,150.0,48.0,50.0,50.0,422.0,422.0,134.0,43.0,43.0,45.0,112.0,98.0,35.0,11.0,10.0,12.0,99.0,100.0,99.0,399.0,399.0,116.0,40.0,40.0,39.0,53.0,51.0,987.0,992.0,301.0,781.0,783.0,10.677018633540373
Weston,03300000,173,97.7,2.3,0.0,0.0,0.0,0.0,61272627.18,2058.8,29760.93,64876656.8,2081.3,31170.97,22150604.0,127449.0,173.8,95.2,8.6,34.1,7.8,1.0,4.3,435.0,93.1,12.1,133.0,121.0,172.0,166.0,161.0,158.0,162.0,136.0,160.0,155.0,141.0,120.0,79.0,1864.0,514.0,516.0,512.0,224.0,248.0,72.0,24.0,26.0,23.0,718.0,724.0,236.0,76.0,77.0,74.0,494.0,476.0,164.0,52.0,50.0,52.0,41.0,40.0,15.0,4.0,4.0,5.0,99.0,100.0,99.0,183.0,181.0,66.0,19.0,19.0,21.0,55.0,51.0,942.0,945.0,317.0,710.0,711.0,10.77456647398844
Lynn,01630000,1716,75.6,3.9,0.2,0.0,20.2,0.0,361490566.0,16296.3,22182.43,417050707.3,18628.2,22388.18,131394358.0,100141.0,1312.1,91.0,15.2,54.4,30.8,11.0,9.8,2651.0,90.6,17.3,1130.0,1162.0,1265.0,1239.0,1176.0,1108.0,1137.0,1181.0,875.0,542.0,567.0,589.0,534.0,12505.0,478.0,478.0,480.0,70.0,95.0,26.0,1.0,1.0,1.0,1142.0,981.0,405.0,17.0,14.0,19.0,1072.0,886.0,379.0,16.0,13.0,18.0,2625.0,2620.0,757.0,39.0,39.0,35.0,99.0,99.0,99.0,3008.0,3175.0,1002.0,44.0,47.0,46.0,49.0,50.0,6775.0,6776.0,2164.0,4934.0,4989.0,7.287296037296037
Mount Greylock,07150000,72,95.8,0.0,0.0,0.0,4.2,0.0,26194818.33,1206.9,21704.52,27566960.68,1268.7,21729.2,9281301.0,83842.0,110.7,94.9,9.0,35.6,11.2,1.8,11.4,230.0,92.9,12.9,75.0,75.0,79.0,97.0,77.0,86.0,101.0,47.0,42.0,82.0,60.0,37.0,44.0,902.0,502.0,500.0,500.0,51.0,48.0,17.0,9.0,8.0,9.0,312.0,279.0,101.0,55.0,49.0,52.0,261.0,231.0,84.0,46.0,41.0,43.0,49.0,50.0,16.0,9.0,9.0,8.0,99.0,99.0,99.0,206.0,237.0,79.0,36.0,42.0,40.0,49.0,44.0,567.0,566.0,196.0,445.0,442.0,12.527777777777779
Bridgewater-Raynham,06250000,412,93.4,3.4,0.0,0.2,2.9,0.0,90799787.39,5630.9,16125.14,98552168.51,5871.9,16783.64,34944121.0,100270.0,348.5,94.6,9.4,38.0,10.8,2.0,5.3,615.0,93.5,11.7,411.0,447.0,450.0,485.0,458.0,452.0,468.0,466.0,449.0,158.0,48.0,95.0,163.0,4550.0,492.0,494.0,490.0,101.0,117.0,19.0,4.0,4.0,2.0,990.0,1081.0,303.0,36.0,39.0,34.0,889.0,964.0,284.0,32.0,35.0,32.0,472.0,376.0,155.0,17.0,14.0,17.0,99.0,99.0,99.0,1287.0,1291.0,433.0,47.0,47.0,49.0,44.0,46.0,2749.0,2748.0,891.0,2157.0,2161.0,11.04368932038835
Silver Lake,07600000,256,97.7,2.0,0.0,0.0,0.4,0.0,36228373.0,1580.2,22926.77,37847260.79,1681.6,22507.17,13239880.0,103356.0,128.1,93.6,11.2,46.0,17.1,3.7,21.7,269.0,93.7,11.3,,,,,,,,269.0,243.0,111.0,109.0,124.0,132.0,988.0,497.0,499.0,490.0,41.0,32.0,9.0,8.0,6.0,3.0,236.0,258.0,88.0,44.0,48.0,32.0,195.0,226.0,79.0,36.0,42.0,29.0,69.0,53.0,46.0,13.0,10.0,17.0,98.0,99.0,99.0,230.0,225.0,138.0,43.0,42.0,51.0,43.0,55.0,535.0,536.0,272.0,520.0,522.0,3.859375
Westport,03310000,96,96.9,0.0,0.0,1.0,2.1,0.0,27758105.0,1531.6,18123.07,30644693.42,1669.0,18361.35,10335657.0,83017.0,124.5,93.8,10.9,43.8,15.2,2.8,27.4,260.0,93.5,12.0,106.0,119.0,116.0,113.0,113.0,121.0,129.0,122.0,126.0,68.0,59.0,43.0,48.0,1283.0,490.0,490.0,496.0,10.0,21.0,14.0,1.0,3.0,6.0,230.0,211.0,106.0,32.0,29.0,43.0,220.0,190.0,92.0,30.0,26.0,37.0,134.0,136.0,31.0,18.0,19.0,13.0,100.0,99.0,99.0,365.0,380.0,110.0,50.0,52.0,45.0,43.0,42.0,729.0,727.0,247.0,580.0,581.0,13.364583333333334
Bristol-Plymouth Regional Vocational Technical,08100000,313,98.4,0.0,0.0,0.0,1.6,0.0,32213555.2,1300.3,24773.41,32288054.19,1311.3,24622.41,11399136.0,109818.0,103.8,95.1,8.7,34.8,8.8,1.5,21.6,160.0,92.7,13.6,,,,,,,,,,176.0,22.0,19.0,24.0,241.0,,,,,,,,,,,,,,,,,,,,,,,,,,,,,,,,,,,,,,,,,,,,0.7699680511182109
Westford,03260000,375,97.9,1.6,0.0,0.3,0.3,0.0,83869681.0,4645.5,18054.07,91389543.31,4744.4,19262.69,33341992.0,90677.0,367.7,95.2,8.6,33.6,9.9,1.3,9.9,728.0,94.3,10.5,272.0,286.0,331.0,313.0,357.0,349.0,363.0,364.0,359.0,263.0,233.0,153.0,175.0,3818.0,505.0,510.0,508.0,258.0,397.0,124.0,12.0,19.0,18.0,1302.0,1467.0,488.0,62.0,70.0,69.0,1044.0,1070.0,364.0,50.0,51.0,51.0,166.0,142.0,52.0,8.0,7.0,7.0,99.0,99.0,99.0,636.0,495.0,168.0,30.0,24.0,24.0,52.0,54.0,2104.0,2104.0,708.0,1694.0,1696.0,10.181333333333333
Natick,01980000,393,94.9,2.3,0.3,0.3,2.3,0.0,107569766.6,5314.7,20239.94,118488824.4,5442.2,21772.31,46071273.0,100680.0,457.6,95.7,7.6,26.5,8.7,2.3,0.0,918.0,93.9,11.1,378.0,363.0,362.0,436.0,376.0,403.0,431.0,411.0,416.0,376.0,283.0,211.0,254.0,4700.0,506.0,508.0,506.0,342.0,408.0,125.0,14.0,17.0,15.0,1551.0,1583.0,514.0,63.0,64.0,63.0,1209.0,1175.0,389.0,49.0,48.0,48.0,215.0,189.0,65.0,9.0,8.0,8.0,99.0,100.0,99.0,697.0,699.0,239.0,28.0,28.0,29.0,55.0,56.0,2463.0,2471.0,818.0,1930.0,1936.0,11.959287531806616
Sturgis Charter Public (District),04890000,198,98.0,0.5,0.0,0.5,1.0,0.0,16265942.58,824.7,19722.51,16265942.58,824.7,19722.51,7598034.0,86960.0,88.1,92.7,12.7,54.3,23.9,4.2,26.3,153.0,96.2,6.8,,,,,,,,,,214.0,215.0,83.0,90.0,602.0,,,,,,,,,,,,,,,,,,,,,,,,,,,,,,,,,,,,,,,,,,,,3.04040404040404
Medway,01770000,176,93.2,1.7,0.0,0.6,4.5,0.0,39540845.0,2180.4,18134.95,43630240.31,2283.1,19109.68,14517869.0,90793.0,159.9,94.9,9.0,33.1,9.4,2.3,18.9,331.0,94.3,10.5,146.0,167.0,171.0,171.0,171.0,176.0,164.0,170.0,156.0,126.0,94.0,112.0,129.0,1953.0,503.0,505.0,506.0,93.0,112.0,46.0,9.0,11.0,14.0,590.0,603.0,211.0,58.0,60.0,62.0,497.0,491.0,165.0,49.0,49.0,49.0,88.0,65.0,24.0,9.0,6.0,7.0,99.0,99.0,100.0,331.0,344.0,104.0,33.0,34.0,31.0,48.0,48.0,1009.0,1012.0,339.0,814.0,814.0,11.096590909090908
Hampden Charter School of Science (District),04990000,116,94.0,1.7,0.0,0.9,3.4,0.0,9737298.0,540.4,18017.69,9737298.0,540.4,18017.69,3733229.0,86120.0,47.0,93.8,10.9,47.8,15.3,2.3,16.1,125.0,94.7,9.8,,,,,,,139.0,151.0,146.0,43.0,66.0,76.0,81.0,702.0,494.0,489.0,489.0,28.0,15.0,3.0,7.0,4.0,2.0,184.0,114.0,52.0,43.0,27.0,36.0,156.0,99.0,49.0,37.0,23.0,34.0,84.0,79.0,31.0,20.0,19.0,22.0,100.0,100.0,100.0,158.0,233.0,60.0,37.0,55.0,42.0,49.0,47.0,426.0,426.0,143.0,403.0,402.0,6.051724137931035
Leicester,01510000,89,91.0,5.6,0.0,0.0,3.4,0.0,25072178.09,1297.1,19329.08,30642641.37,1497.3,20464.61,8344828.0,76840.0,108.6,93.8,10.5,42.5,16.7,3.1,1.0,259.0,91.4,15.4,89.0,79.0,93.0,108.0,98.0,97.0,95.0,115.0,85.0,63.0,55.0,88.0,64.0,1129.0,487.0,488.0,494.0,12.0,14.0,5.0,2.0,2.0,3.0,167.0,154.0,68.0,28.0,26.0,37.0,155.0,140.0,63.0,26.0,23.0,34.0,129.0,128.0,23.0,22.0,21.0,13.0,99.0,99.0,98.0,302.0,316.0,92.0,51.0,53.0,50.0,47.0,46.0,598.0,598.0,183.0,449.0,450.0,12.685393258426966
Monson,01910000,30,80.0,10.0,0.0,3.3,6.7,0.0,18314922.0,807.8,22674.0,20772882.85,910.0,22827.26,6112078.0,69455.0,88.0,93.9,10.7,41.5,15.3,3.0,19.1,169.0,92.7,12.3,53.0,61.0,64.0,59.0,75.0,74.0,74.0,59.0,62.0,13.0,13.0,23.0,10.0,640.0,490.0,487.0,488.0,8.0,4.0,4.0,2.0,1.0,3.0,132.0,98.0,39.0,33.0,25.0,30.0,124.0,94.0,35.0,31.0,24.0,27.0,78.0,76.0,27.0,20.0,19.0,20.0,97.0,96.0,92.0,190.0,224.0,66.0,48.0,56.0,50.0,44.0,53.0,400.0,398.0,132.0,327.0,327.0,21.333333333333332
Rockland,02510000,143,85.3,4.9,0.0,0.0,9.8,0.0,45236282.53,2138.6,21152.56,51583097.81,2300.6,22421.14,16372914.0,93399.0,175.3,93.0,12.3,48.3,19.2,5.5,39.6,336.0,93.3,12.0,160.0,169.0,165.0,176.0,162.0,180.0,183.0,146.0,189.0,88.0,81.0,58.0,77.0,1834.0,491.0,492.0,492.0,49.0,40.0,23.0,5.0,4.0,6.0,380.0,349.0,138.0,38.0,35.0,38.0,331.0,309.0,115.0,33.0,31.0,32.0,206.0,190.0,73.0,21.0,19.0,20.0,99.0,99.0,98.0,412.0,459.0,148.0,41.0,46.0,41.0,49.0,43.0,998.0,998.0,359.0,773.0,771.0,12.825174825174825
Greater Commonwealth Virtual District,39010000,184,58.7,10.9,0.0,4.3,26.1,0.0,16658908.82,1204.3,13832.4,16658908.82,1204.3,13832.4,6081732.0,81090.0,75.5,93.4,9.6,31.2,26.7,11.8,0.1,160.0,94.8,10.1,18.0,39.0,39.0,48.0,41.0,55.0,97.0,109.0,120.0,74.0,56.0,76.0,98.0,870.0,486.0,480.0,490.0,10.0,4.0,2.0,3.0,1.0,1.0,108.0,57.0,49.0,28.0,14.0,31.0,98.0,53.0,47.0,25.0,13.0,30.0,88.0,124.0,20.0,23.0,30.0,13.0,84.0,86.0,86.0,195.0,230.0,88.0,50.0,56.0,56.0,51.0,47.0,391.0,411.0,157.0,240.0,241.0,4.728260869565218
Hudson,01410000,191,87.4,5.8,0.0,0.5,6.3,0.0,53175233.64,2390.7,22242.12,62713516.33,2672.0,23470.9,21526059.0,92228.0,233.4,93.7,10.8,40.8,17.2,4.8,29.5,514.0,92.3,13.9,202.0,200.0,183.0,186.0,175.0,202.0,167.0,191.0,172.0,117.0,85.0,91.0,113.0,2084.0,491.0,488.0,488.0,52.0,28.0,10.0,5.0,3.0,3.0,401.0,304.0,121.0,38.0,28.0,32.0,349.0,276.0,111.0,33.0,26.0,29.0,214.0,246.0,87.0,20.0,23.0,23.0,99.0,99.0,99.0,454.0,522.0,171.0,42.0,49.0,45.0,49.0,46.0,1069.0,1072.0,379.0,831.0,834.0,10.910994764397905
Boston Preparatory Charter Public (District),04160000,75,96.0,4.0,0.0,0.0,0.0,0.0,18891189.64,695.8,27148.75,18891189.64,695.8,27148.75,5098588.0,85336.0,64.0,91.1,15.9,56.3,25.6,9.0,35.3,141.0,93.3,11.7,,,,,,,83.0,102.0,113.0,73.0,95.0,50.0,42.0,558.0,480.0,477.0,481.0,2.0,0.0,0.0,1.0,0.0,0.0,51.0,41.0,21.0,18.0,14.0,19.0,49.0,41.0,21.0,17.0,14.0,19.0,91.0,99.0,33.0,32.0,34.0,30.0,97.0,99.0,98.0,144.0,153.0,57.0,50.0,52.0,51.0,44.0,45.0,286.0,293.0,111.0,265.0,270.0,7.44
Ipswich,01440000,121,95.0,4.1,0.0,0.8,0.0,0.0,40045082.0,1613.9,24812.87,42601807.76,1673.8,25451.41,15756938.0,97085.0,162.3,95.3,8.0,30.9,6.5,1.3,18.5,336.0,94.2,10.6,103.0,123.0,109.0,127.0,106.0,115.0,106.0,134.0,133.0,75.0,97.0,78.0,80.0,1386.0,504.0,502.0,502.0,82.0,56.0,30.0,11.0,8.0,12.0,419.0,386.0,132.0,59.0,54.0,54.0,337.0,330.0,102.0,47.0,46.0,42.0,64.0,58.0,23.0,9.0,8.0,9.0,99.0,99.0,98.0,232.0,276.0,90.0,32.0,38.0,37.0,53.0,50.0,715.0,720.0,245.0,561.0,568.0,11.454545454545455
Wilmington,03420000,152,93.4,3.9,1.3,0.0,1.3,0.0,66537061.89,2775.9,23969.4,74369575.12,2881.6,25808.08,25167924.0,95988.0,262.2,95.3,8.3,30.4,8.9,1.6,12.0,517.0,93.9,11.0,215.0,207.0,237.0,225.0,234.0,237.0,220.0,264.0,201.0,134.0,111.0,127.0,122.0,2534.0,498.0,502.0,502.0,93.0,144.0,59.0,7.0,10.0,13.0,645.0,742.0,249.0,47.0,54.0,56.0,552.0,598.0,190.0,40.0,43.0,43.0,151.0,129.0,53.0,11.0,9.0,12.0,99.0,99.0,99.0,579.0,514.0,144.0,42.0,37.0,32.0,48.0,51.0,1375.0,1385.0,446.0,1110.0,1121.0,16.67105263157895
South Middlesex Regional Vocational Technical,08290000,205,97.1,1.0,0.0,0.0,2.0,0.0,27069622.66,853.1,31732.75,27069622.66,853.1,31732.75,8495475.0,93050.0,91.3,95.0,8.9,34.5,11.5,2.1,15.1,150.0,94.6,10.1,,,,,,,,,,49.0,111.0,113.0,72.0,345.0,,,,,,,,,,,,,,,,,,,,,,,,,,,,,,,,,,,,,,,,,,,,1.6829268292682926
Martha's Vineyard,07000000,225,84.0,2.2,1.3,0.0,12.4,0.0,28301378.0,734.6,38526.83,32040255.0,778.8,41142.71,10769407.0,135635.0,79.4,93.1,11.6,43.4,17.2,5.5,0.0,143.0,92.4,14.0,,,,,,,,,,114.0,69.0,94.0,87.0,364.0,,,,,,,,,,,,,,,,,,,,,,,,,,,,,,,,,,,,,,,,,,,,1.6177777777777778
Tantasqua,07700000,288,95.5,2.4,0.0,0.7,1.4,0.0,31601495.0,1749.3,18065.22,32044256.94,1814.3,17661.97,12501542.0,83678.0,149.4,94.5,9.7,38.9,14.7,3.0,26.7,251.0,94.6,9.6,,,,,,,,277.0,292.0,107.0,186.0,151.0,179.0,1192.0,496.0,497.0,498.0,51.0,49.0,21.0,9.0,8.0,7.0,252.0,257.0,134.0,44.0,44.0,46.0,201.0,208.0,113.0,35.0,36.0,39.0,81.0,72.0,32.0,14.0,12.0,11.0,99.0,99.0,97.0,244.0,250.0,125.0,42.0,43.0,43.0,41.0,37.0,577.0,579.0,291.0,554.0,556.0,4.138888888888889
Marblehead,01680000,248,97.6,2.0,0.0,0.4,0.0,0.0,54179518.03,2612.0,20742.54,59950402.39,2728.5,21971.61,22293150.0,90696.0,245.8,92.7,12.8,62.0,19.1,2.5,5.1,486.0,91.4,15.3,168.0,175.0,190.0,172.0,173.0,184.0,168.0,170.0,207.0,145.0,142.0,111.0,126.0,2131.0,505.0,504.0,501.0,132.0,120.0,33.0,12.0,11.0,8.0,651.0,654.0,218.0,59.0,59.0,53.0,519.0,534.0,185.0,47.0,48.0,45.0,87.0,90.0,32.0,8.0,8.0,8.0,99.0,99.0,99.0,365.0,359.0,158.0,33.0,33.0,39.0,55.0,54.0,1103.0,1103.0,408.0,890.0,890.0,8.59274193548387
Winchendon,03430000,75,70.7,4.0,0.0,1.3,24.0,0.0,23372617.41,1195.0,19559.4,26627558.28,1359.6,19584.54,7593599.0,83722.0,90.7,90.3,16.5,57.3,29.8,11.3,0.9,189.0,94.5,9.4,77.0,83.0,112.0,114.0,90.0,92.0,95.0,98.0,92.0,51.0,52.0,49.0,50.0,1055.0,486.0,483.0,492.0,6.0,6.0,2.0,1.0,1.0,1.0,149.0,110.0,66.0,26.0,19.0,38.0,143.0,104.0,64.0,25.0,18.0,37.0,129.0,145.0,28.0,22.0,26.0,16.0,98.0,97.0,93.0,298.0,312.0,81.0,52.0,55.0,46.0,45.0,52.0,576.0,567.0,175.0,424.0,417.0,14.066666666666666
Tyngsborough,03010000,103,97.1,1.9,0.0,0.0,1.0,0.0,29366742.0,1540.9,19057.97,33897772.05,1689.5,20064.2,11515772.0,90962.0,126.6,94.0,10.5,41.1,14.7,3.1,0.0,224.0,92.5,13.6,103.0,117.0,102.0,128.0,116.0,98.0,127.0,118.0,149.0,51.0,92.0,75.0,85.0,1361.0,493.0,495.0,497.0,25.0,37.0,18.0,3.0,5.0,7.0,277.0,309.0,105.0,37.0,41.0,42.0,252.0,272.0,87.0,34.0,36.0,35.0,109.0,94.0,24.0,15.0,13.0,10.0,99.0,99.0,99.0,362.0,347.0,121.0,48.0,46.0,48.0,51.0,58.0,748.0,750.0,250.0,576.0,583.0,13.21359223300971
Ashburnham-Westminster,06100000,153,98.0,2.0,0.0,0.0,0.0,0.0,36415193.29,2246.7,16208.58,39596745.71,2335.7,16952.56,13341535.0,80274.0,166.2,94.7,9.1,37.7,10.4,1.5,30.5,335.0,92.7,13.6,141.0,148.0,168.0,173.0,171.0,164.0,215.0,183.0,176.0,109.0,93.0,69.0,63.0,1873.0,495.0,496.0,495.0,47.0,46.0,15.0,4.0,4.0,4.0,431.0,429.0,142.0,40.0,40.0,42.0,384.0,383.0,127.0,36.0,35.0,37.0,123.0,128.0,36.0,11.0,12.0,11.0,99.0,99.0,100.0,525.0,524.0,164.0,49.0,48.0,48.0,50.0,50.0,1079.0,1081.0,342.0,874.0,870.0,12.241830065359476
Hoosac Valley Regional,06030000,50,86.0,0.0,0.0,0.0,14.0,0.0,22509926.8,1002.7,22449.81,25173210.59,1239.9,20301.94,6606876.0,71349.0,92.6,92.2,13.4,49.9,25.4,8.0,23.6,210.0,94.2,10.1,75.0,75.0,84.0,93.0,65.0,90.0,77.0,79.0,6.0,38.0,36.0,44.0,34.0,796.0,482.0,479.0,486.0,9.0,2.0,9.0,2.0,0.0,5.0,96.0,61.0,43.0,20.0,13.0,26.0,87.0,59.0,34.0,18.0,13.0,20.0,148.0,142.0,45.0,31.0,30.0,27.0,98.0,98.0,97.0,228.0,268.0,79.0,48.0,57.0,47.0,41.0,39.0,472.0,471.0,167.0,347.0,348.0,15.92
Greater Lowell Regional Vocational Technical,08280000,571,98.6,0.9,0.2,0.0,0.4,0.0,61838892.0,2297.4,26917.16,61892491.44,2307.4,26823.74,22166732.0,104314.0,212.5,95.8,7.5,26.9,7.6,1.5,9.8,351.0,91.6,15.7,,,,,,,,,,418.0,26.0,41.0,43.0,528.0,,,,,,,,,,,,,,,,,,,,,,,,,,,,,,,,,,,,,,,,,,,,0.9246935201401051
Amesbury,00070000,134,82.1,14.9,0.7,1.5,0.7,0.0,41319727.93,1817.9,22729.93,47580888.5,2056.6,23135.42,15035285.0,88756.0,169.4,93.2,11.8,45.1,19.6,4.4,7.9,333.0,94.6,9.9,146.0,152.0,143.0,128.0,144.0,138.0,104.0,136.0,135.0,102.0,104.0,105.0,104.0,1641.0,492.0,490.0,493.0,38.0,36.0,18.0,5.0,5.0,7.0,303.0,246.0,102.0,39.0,32.0,38.0,265.0,210.0,84.0,34.0,27.0,31.0,153.0,170.0,56.0,20.0,22.0,21.0,99.0,99.0,99.0,322.0,363.0,109.0,41.0,47.0,41.0,49.0,42.0,778.0,779.0,267.0,604.0,600.0,12.246268656716419
Belmont,00260000,366,96.7,3.3,0.0,0.0,0.0,0.0,80736654.0,4420.1,18265.66,95396137.24,4574.8,20852.48,32895557.0,111738.0,294.4,95.3,8.4,28.6,9.9,2.4,6.7,594.0,91.8,14.6,252.0,255.0,310.0,349.0,316.0,359.0,354.0,376.0,369.0,282.0,168.0,118.0,179.0,3687.0,510.0,513.0,517.0,393.0,530.0,231.0,19.0,25.0,32.0,1449.0,1490.0,568.0,69.0,71.0,78.0,1056.0,960.0,337.0,50.0,45.0,46.0,128.0,105.0,30.0,6.0,5.0,4.0,99.0,99.0,99.0,535.0,516.0,128.0,25.0,24.0,18.0,54.0,49.0,2112.0,2111.0,726.0,1615.0,1630.0,10.073770491803279
North Middlesex,07350000,214,88.8,4.7,0.0,0.5,6.1,0.0,55749317.69,2987.3,18662.32,65655757.64,3195.2,20548.1,19904515.0,83109.0,239.5,93.8,10.8,43.4,16.1,3.1,31.2,426.0,91.9,14.7,208.0,235.0,226.0,236.0,257.0,240.0,242.0,238.0,235.0,97.0,89.0,110.0,134.0,2547.0,494.0,493.0,494.0,58.0,46.0,19.0,4.0,3.0,4.0,582.0,523.0,200.0,41.0,36.0,43.0,524.0,477.0,181.0,37.0,33.0,39.0,186.0,206.0,54.0,13.0,14.0,12.0,99.0,99.0,99.0,665.0,708.0,212.0,46.0,49.0,45.0,48.0,47.0,1433.0,1437.0,466.0,1142.0,1149.0,11.901869158878505
Francis W. Parker Charter Essential (District),04780000,57,96.5,3.5,0.0,0.0,0.0,0.0,6944195.46,366.9,18928.73,6944195.46,366.9,18928.73,2791527.0,68472.0,41.3,93.4,11.6,47.0,16.7,4.0,0.0,70.0,96.4,6.8,,,,,,,,0.0,0.0,0.0,4.0,28.0,21.0,53.0,500.0,499.0,506.0,10.0,10.0,7.0,8.0,8.0,10.0,68.0,66.0,45.0,51.0,50.0,65.0,58.0,56.0,38.0,44.0,42.0,55.0,12.0,10.0,1.0,9.0,8.0,1.0,96.0,96.0,99.0,53.0,57.0,23.0,40.0,43.0,33.0,39.0,44.0,133.0,133.0,69.0,110.0,110.0,0.9298245614035088
Revere,02480000,649,79.8,6.6,0.0,0.3,13.3,0.0,149684383.9,7365.1,20323.58,181218368.7,8175.8,22165.3,60450028.0,93765.0,644.7,91.4,14.9,53.6,26.4,9.0,40.1,1180.0,92.8,13.5,453.0,534.0,544.0,543.0,565.0,558.0,534.0,547.0,547.0,180.0,158.0,239.0,310.0,5712.0,484.0,486.0,486.0,84.0,65.0,32.0,3.0,2.0,3.0,846.0,831.0,288.0,26.0,25.0,27.0,762.0,766.0,256.0,23.0,23.0,24.0,947.0,819.0,273.0,29.0,25.0,25.0,99.0,99.0,99.0,1464.0,1613.0,517.0,45.0,49.0,48.0,50.0,45.0,3257.0,3263.0,1078.0,2454.0,2492.0,8.801232665639445
Holbrook,01330000,75,93.3,2.7,0.0,0.0,4.0,0.0,23230946.43,1322.4,17566.67,26880636.72,1422.8,18892.49,8385173.0,82613.0,101.5,94.9,8.8,31.7,12.2,2.3,20.0,174.0,91.0,15.9,113.0,94.0,110.0,102.0,96.0,115.0,121.0,110.0,109.0,48.0,46.0,32.0,53.0,1149.0,492.0,491.0,496.0,31.0,22.0,18.0,5.0,3.0,8.0,245.0,221.0,97.0,37.0,34.0,43.0,214.0,199.0,79.0,32.0,30.0,35.0,131.0,127.0,40.0,20.0,19.0,18.0,99.0,99.0,99.0,284.0,309.0,88.0,43.0,47.0,39.0,50.0,48.0,660.0,657.0,225.0,523.0,523.0,15.32
Argosy Collegiate Charter School (District),35090000,54,77.8,13.0,0.0,0.0,5.6,3.7,11761569.64,566.6,20759.62,11761569.64,566.6,20759.62,4507633.0,91785.0,47.0,92.5,13.1,49.1,25.8,7.6,38.0,113.0,91.5,15.7,,,,,,,103.0,102.0,101.0,26.0,30.0,31.0,31.0,424.0,480.0,483.0,483.0,3.0,2.0,0.0,1.0,1.0,0.0,52.0,54.0,14.0,17.0,18.0,14.0,49.0,52.0,14.0,16.0,17.0,14.0,88.0,71.0,17.0,29.0,23.0,18.0,99.0,99.0,96.0,165.0,179.0,66.0,54.0,59.0,68.0,41.0,46.0,305.0,304.0,97.0,296.0,299.0,7.851851851851852
Barnstable,00200000,409,82.9,5.4,1.5,0.7,9.5,0.0,110726896.2,4805.1,23043.7,124892852.2,5474.4,22813.89,41047381.0,96107.0,427.1,92.9,12.0,50.1,21.7,4.9,31.0,968.0,93.0,12.5,344.0,371.0,400.0,392.0,376.0,339.0,258.0,252.0,242.0,173.0,144.0,142.0,150.0,3583.0,485.0,487.0,485.0,34.0,52.0,13.0,2.0,3.0,2.0,560.0,538.0,178.0,28.0,27.0,28.0,526.0,486.0,165.0,26.0,24.0,26.0,540.0,493.0,174.0,27.0,25.0,27.0,98.0,99.0,98.0,887.0,962.0,281.0,45.0,48.0,44.0,40.0,42.0,1987.0,1993.0,633.0,1452.0,1472.0,8.76039119804401
Advanced Math and Science Academy Charter (District),04300000,125,100.0,0.0,0.0,0.0,0.0,0.0,15831306.42,965.8,16392.42,15831306.42,965.8,16392.42,6099473.0,75441.0,85.1,95.0,9.0,36.8,9.4,1.0,11.2,130.0,93.8,10.8,,,,,,,142.0,147.0,142.0,126.0,59.0,43.0,74.0,733.0,499.0,499.0,497.0,36.0,26.0,11.0,9.0,6.0,8.0,207.0,196.0,58.0,49.0,46.0,42.0,171.0,170.0,47.0,41.0,40.0,34.0,35.0,32.0,14.0,8.0,8.0,10.0,100.0,100.0,100.0,180.0,194.0,67.0,43.0,46.0,48.0,46.0,45.0,422.0,422.0,139.0,412.0,412.0,5.864
Harvard,01250000,88,95.5,4.5,0.0,0.0,0.0,0.0,23466075.0,1012.8,23169.38,27130865.0,1072.1,25306.23,8104795.0,91787.0,88.3,92.7,12.9,45.7,19.8,4.9,1.7,182.0,92.9,12.9,75.0,68.0,74.0,71.0,57.0,76.0,81.0,84.0,77.0,80.0,63.0,64.0,52.0,922.0,510.0,508.0,517.0,69.0,83.0,47.0,16.0,19.0,31.0,313.0,288.0,122.0,71.0,65.0,80.0,244.0,205.0,75.0,55.0,46.0,49.0,22.0,29.0,9.0,5.0,7.0,6.0,98.0,99.0,98.0,107.0,129.0,21.0,24.0,29.0,14.0,58.0,55.0,442.0,446.0,152.0,356.0,360.0,10.477272727272727
Swampscott,02910000,169,93.5,4.1,0.0,0.6,1.8,0.0,41222288.61,2070.2,19912.01,47865984.38,2202.2,21735.64,17205995.0,91473.0,188.1,94.1,10.4,40.9,15.5,2.9,17.1,345.0,92.5,13.5,134.0,139.0,168.0,150.0,147.0,139.0,150.0,148.0,162.0,135.0,131.0,116.0,113.0,1832.0,496.0,497.0,497.0,44.0,50.0,19.0,5.0,6.0,6.0,408.0,400.0,141.0,46.0,45.0,48.0,364.0,350.0,122.0,41.0,40.0,41.0,124.0,109.0,40.0,14.0,12.0,14.0,99.0,98.0,97.0,356.0,377.0,115.0,40.0,43.0,39.0,43.0,47.0,888.0,886.0,296.0,693.0,694.0,10.840236686390533
Wachusett,07750000,489,93.9,3.5,0.0,0.4,2.2,0.0,112456183.6,6661.1,16882.65,126944971.5,6937.8,18297.64,43925799.0,93919.0,467.7,94.4,9.9,40.0,11.5,2.6,0.0,954.0,93.4,12.0,496.0,494.0,499.0,537.0,530.0,495.0,546.0,489.0,560.0,339.0,247.0,138.0,177.0,5547.0,501.0,503.0,502.0,243.0,289.0,101.0,8.0,9.0,10.0,1656.0,1751.0,588.0,53.0,56.0,56.0,1413.0,1462.0,487.0,45.0,46.0,46.0,271.0,224.0,78.0,9.0,7.0,7.0,99.0,99.0,99.0,1222.0,1177.0,384.0,39.0,37.0,37.0,50.0,53.0,3149.0,3152.0,1050.0,2511.0,2516.0,11.343558282208589
Hampden-Wilbraham,06800000,245,95.9,0.8,0.8,0.8,1.6,0.0,52686126.0,2858.0,18434.79,57234888.76,2950.4,19398.99,18607416.0,91843.0,202.6,94.9,8.9,34.9,9.5,2.0,29.4,448.0,93.4,12.2,182.0,199.0,197.0,211.0,191.0,217.0,145.0,150.0,140.0,125.0,122.0,116.0,83.0,2078.0,498.0,497.0,499.0,84.0,62.0,35.0,7.0,5.0,8.0,607.0,558.0,219.0,50.0,46.0,51.0,523.0,496.0,184.0,43.0,41.0,43.0,148.0,138.0,44.0,12.0,11.0,10.0,99.0,98.0,98.0,463.0,516.0,165.0,38.0,43.0,39.0,55.0,57.0,1218.0,1212.0,428.0,967.0,962.0,8.481632653061224
Melrose,01780000,251,97.6,1.6,0.0,0.0,0.4,0.4,61793510.15,3911.4,15798.29,72275906.41,4257.4,16976.51,24307999.0,85682.0,283.7,94.8,9.2,34.9,10.6,2.2,24.7,538.0,94.7,9.6,259.0,313.0,268.0,304.0,303.0,294.0,278.0,309.0,285.0,126.0,125.0,97.0,95.0,3056.0,506.0,506.0,501.0,273.0,265.0,71.0,15.0,15.0,12.0,1091.0,1060.0,320.0,61.0,60.0,55.0,818.0,795.0,249.0,46.0,45.0,42.0,175.0,140.0,65.0,10.0,8.0,11.0,99.0,98.0,99.0,512.0,571.0,201.0,29.0,32.0,34.0,51.0,47.0,1778.0,1771.0,586.0,1404.0,1401.0,12.175298804780876
Boston Collegiate Charter (District),04490000,74,94.6,5.4,0.0,0.0,0.0,0.0,16528910.89,693.7,23828.2,16528910.89,693.7,23828.2,6283496.0,85520.0,81.8,93.6,11.4,45.6,14.8,3.0,21.9,144.0,96.0,7.2,,,,,,100.0,103.0,88.0,95.0,84.0,84.0,62.0,68.0,684.0,499.0,502.0,500.0,34.0,39.0,16.0,9.0,10.0,8.0,195.0,217.0,104.0,51.0,56.0,54.0,161.0,178.0,88.0,42.0,46.0,45.0,38.0,35.0,17.0,10.0,9.0,9.0,99.0,100.0,99.0,151.0,134.0,73.0,39.0,35.0,38.0,53.0,66.0,384.0,386.0,194.0,348.0,348.0,9.243243243243244
Atlantis Charter (District),04910000,80,93.8,2.5,0.0,0.0,3.8,0.0,21697089.0,1257.8,17249.89,21697089.0,1257.8,17249.89,6480079.0,60203.0,100.8,91.9,14.6,56.9,26.4,7.2,38.3,208.0,92.9,13.5,109.0,110.0,109.0,109.0,110.0,108.0,108.0,110.0,110.0,54.0,31.0,48.0,57.0,1173.0,487.0,485.0,481.0,23.0,15.0,5.0,4.0,2.0,2.0,177.0,161.0,35.0,27.0,25.0,16.0,154.0,146.0,30.0,24.0,22.0,14.0,149.0,168.0,71.0,23.0,26.0,33.0,100.0,100.0,100.0,327.0,323.0,110.0,50.0,50.0,51.0,48.0,45.0,653.0,652.0,216.0,530.0,529.0,14.6625
Blackstone-Millville,06220000,99,91.9,3.0,0.0,0.0,5.1,0.0,27043183.0,1451.5,18631.84,31394723.47,1666.9,18834.31,10669864.0,94928.0,112.4,93.6,11.1,44.7,19.6,3.7,30.6,208.0,96.4,6.3,103.0,104.0,101.0,94.0,116.0,123.0,111.0,131.0,90.0,104.0,90.0,74.0,82.0,1323.0,492.0,494.0,495.0,23.0,31.0,11.0,3.0,5.0,5.0,261.0,256.0,107.0,38.0,37.0,46.0,238.0,225.0,96.0,35.0,33.0,42.0,124.0,84.0,32.0,18.0,12.0,14.0,99.0,99.0,99.0,300.0,344.0,92.0,44.0,50.0,40.0,46.0,47.0,685.0,684.0,231.0,553.0,551.0,13.363636363636363
Granby,01110000,52,100.0,0.0,0.0,0.0,0.0,0.0,13090942.79,695.4,18824.75,15325431.51,781.3,19616.19,4105060.0,70777.0,58.0,95.3,8.3,26.9,10.0,2.6,8.6,138.0,91.6,14.7,34.0,41.0,33.0,59.0,58.0,56.0,57.0,57.0,4.0,34.0,33.0,29.0,35.0,530.0,489.0,490.0,493.0,12.0,16.0,6.0,3.0,5.0,6.0,110.0,110.0,40.0,32.0,32.0,37.0,98.0,94.0,34.0,28.0,27.0,32.0,71.0,62.0,16.0,21.0,18.0,15.0,99.0,99.0,100.0,165.0,172.0,51.0,48.0,50.0,48.0,45.0,52.0,346.0,344.0,107.0,280.0,276.0,10.192307692307692
South Shore Regional Vocational Technical,08730000,164,98.2,0.0,0.0,0.0,1.8,0.0,19811402.0,659.9,30020.81,19811402.0,659.9,30020.81,7004862.0,108940.0,64.3,94.1,10.4,39.4,13.8,3.5,17.9,112.0,93.6,11.8,,,,,,,,,,177.0,6.0,13.0,12.0,208.0,,,,,,,,,,,,,,,,,,,,,,,,,,,,,,,,,,,,,,,,,,,,1.2682926829268293
Foxborough,00990000,199,95.0,3.5,0.0,0.5,1.0,0.0,52992039.12,2512.2,21094.3,58602548.75,2654.5,22076.74,20626169.0,96519.0,213.7,95.1,8.6,30.7,9.0,1.9,5.7,400.0,98.8,2.3,160.0,186.0,183.0,184.0,188.0,180.0,185.0,185.0,192.0,99.0,106.0,114.0,140.0,2102.0,500.0,504.0,497.0,93.0,119.0,19.0,8.0,11.0,5.0,572.0,646.0,178.0,52.0,58.0,48.0,479.0,527.0,159.0,43.0,47.0,43.0,114.0,86.0,47.0,10.0,8.0,13.0,99.0,99.0,98.0,423.0,380.0,146.0,38.0,34.0,39.0,52.0,52.0,1109.0,1112.0,371.0,880.0,882.0,10.56281407035176
Fairhaven,00940000,151,94.0,3.3,0.0,0.7,2.0,0.0,30321108.28,1754.0,17286.73,33262661.34,1821.6,18259.68,11264726.0,82224.0,137.0,93.4,11.6,42.2,17.3,5.3,25.1,267.0,91.2,15.9,0.0,1.0,117.0,114.0,122.0,132.0,132.0,139.0,144.0,137.0,114.0,94.0,88.0,1334.0,495.0,498.0,496.0,42.0,50.0,18.0,5.0,6.0,7.0,346.0,347.0,130.0,45.0,45.0,48.0,304.0,297.0,112.0,39.0,39.0,41.0,112.0,99.0,34.0,14.0,13.0,12.0,99.0,98.0,99.0,319.0,325.0,109.0,41.0,42.0,40.0,43.0,45.0,777.0,771.0,273.0,626.0,622.0,8.834437086092715
Groton-Dunstable,06730000,170,95.3,4.1,0.6,0.0,0.0,0.0,48715326.38,2324.2,20960.19,53277484.38,2418.2,22031.45,16847953.0,91218.0,184.7,95.0,8.8,32.7,8.9,1.7,19.4,343.0,94.8,9.6,148.0,165.0,155.0,187.0,171.0,175.0,180.0,178.0,186.0,88.0,139.0,102.0,107.0,1981.0,504.0,506.0,505.0,125.0,134.0,44.0,11.0,12.0,12.0,644.0,635.0,216.0,59.0,58.0,60.0,519.0,501.0,172.0,48.0,46.0,48.0,83.0,61.0,25.0,8.0,6.0,7.0,99.0,99.0,98.0,365.0,401.0,120.0,33.0,37.0,33.0,53.0,54.0,1092.0,1097.0,361.0,867.0,873.0,11.652941176470588
Canton,00500000,232,94.8,2.6,0.0,0.4,1.7,0.4,68465342.54,3264.7,20971.12,78911626.06,3352.4,23538.86,27703558.0,106307.0,260.6,94.1,10.2,39.1,15.4,3.6,22.7,547.0,91.9,14.6,243.0,227.0,254.0,257.0,264.0,251.0,227.0,218.0,233.0,224.0,181.0,160.0,164.0,2903.0,503.0,506.0,503.0,164.0,192.0,62.0,11.0,13.0,13.0,873.0,906.0,289.0,58.0,61.0,59.0,709.0,714.0,227.0,47.0,48.0,46.0,134.0,124.0,34.0,9.0,8.0,7.0,99.0,99.0,99.0,486.0,461.0,169.0,33.0,31.0,34.0,52.0,54.0,1493.0,1491.0,492.0,1169.0,1180.0,12.512931034482758
Clinton,00640000,130,90.0,6.2,0.8,0.8,2.3,0.0,36909737.62,1993.8,18512.41,43635355.98,2237.2,19504.26,14242929.0,87059.0,163.6,95.3,8.0,32.0,8.7,2.0,1.8,327.0,93.1,12.7,165.0,143.0,134.0,146.0,152.0,150.0,158.0,142.0,137.0,41.0,28.0,47.0,48.0,1491.0,486.0,490.0,483.0,13.0,39.0,6.0,2.0,4.0,2.0,256.0,278.0,65.0,30.0,32.0,23.0,243.0,239.0,59.0,28.0,27.0,21.0,221.0,183.0,78.0,26.0,21.0,27.0,98.0,99.0,100.0,383.0,409.0,142.0,45.0,47.0,50.0,46.0,46.0,860.0,870.0,285.0,659.0,675.0,11.46923076923077
Ware,03090000,86,89.5,4.7,0.0,0.0,5.8,0.0,22296705.47,1095.8,20347.73,25455128.11,1309.7,19436.18,6921289.0,77593.0,89.2,93.1,11.7,47.2,22.0,4.5,19.9,180.0,94.0,10.4,87.0,84.0,74.0,75.0,80.0,92.0,88.0,73.0,75.0,38.0,24.0,35.0,53.0,878.0,486.0,484.0,490.0,11.0,8.0,7.0,2.0,2.0,4.0,143.0,113.0,57.0,29.0,23.0,34.0,132.0,105.0,50.0,27.0,22.0,30.0,127.0,125.0,36.0,26.0,26.0,22.0,99.0,100.0,99.0,219.0,250.0,74.0,45.0,51.0,44.0,45.0,45.0,489.0,488.0,167.0,387.0,389.0,10.209302325581396
Carver,00520000,95,95.8,3.2,0.0,0.0,1.1,0.0,28957473.9,1504.5,19247.31,33625247.59,1620.5,20749.61,10866092.0,85830.0,126.6,94.0,10.5,46.4,14.0,2.2,34.2,238.0,93.4,12.1,0.0,99.0,130.0,144.0,104.0,125.0,108.0,87.0,129.0,64.0,52.0,41.0,62.0,1145.0,491.0,495.0,493.0,6.0,20.0,4.0,1.0,3.0,2.0,222.0,268.0,84.0,32.0,39.0,36.0,216.0,248.0,80.0,31.0,36.0,34.0,118.0,82.0,29.0,17.0,12.0,12.0,97.0,96.0,89.0,352.0,338.0,121.0,51.0,49.0,52.0,44.0,52.0,692.0,688.0,234.0,530.0,528.0,12.052631578947368
Brooke Charter School (District),04280000,105,90.5,1.9,0.0,1.9,5.7,0.0,51579496.19,2210.5,23333.96,51579496.19,2210.5,23333.96,19154431.0,105564.0,181.2,94.5,10.4,40.0,13.3,2.7,0.0,381.0,95.4,9.0,191.0,191.0,195.0,191.0,196.0,193.0,190.0,179.0,182.0,0.0,81.0,11.0,99.0,1899.0,509.0,511.0,506.0,189.0,213.0,57.0,17.0,19.0,15.0,744.0,797.0,231.0,65.0,70.0,62.0,555.0,584.0,174.0,49.0,51.0,46.0,47.0,49.0,23.0,4.0,4.0,6.0,100.0,100.0,100.0,346.0,289.0,121.0,30.0,25.0,32.0,65.0,64.0,1137.0,1135.0,375.0,897.0,896.0,18.085714285714285
Freetown-Lakeville,06650000,176,96.0,2.8,0.6,0.0,0.6,0.0,44301554.58,2686.1,16493.13,48422605.36,2800.4,17291.1,18072051.0,84056.0,215.0,94.6,9.5,37.3,11.8,2.3,22.6,392.0,93.7,11.4,181.0,175.0,190.0,208.0,231.0,230.0,225.0,221.0,200.0,127.0,90.0,69.0,70.0,2217.0,495.0,501.0,500.0,65.0,95.0,39.0,5.0,7.0,9.0,583.0,700.0,226.0,43.0,52.0,51.0,518.0,605.0,187.0,38.0,45.0,42.0,176.0,109.0,48.0,13.0,8.0,11.0,99.0,99.0,98.0,604.0,549.0,172.0,44.0,40.0,39.0,45.0,49.0,1363.0,1358.0,446.0,1108.0,1102.0,12.596590909090908
Randolph,02440000,198,85.9,5.6,0.5,0.0,8.1,0.0,66651636.35,2770.7,24056.12,79169176.95,3295.2,24025.87,23608505.0,97920.0,241.1,91.8,13.8,43.2,23.1,9.3,18.0,479.0,92.1,14.0,228.0,225.0,233.0,245.0,210.0,237.0,220.0,187.0,129.0,162.0,135.0,119.0,133.0,2463.0,481.0,484.0,483.0,15.0,38.0,10.0,1.0,3.0,3.0,249.0,304.0,89.0,20.0,24.0,22.0,234.0,266.0,79.0,18.0,21.0,20.0,410.0,375.0,122.0,32.0,29.0,31.0,99.0,99.0,97.0,607.0,600.0,185.0,48.0,47.0,47.0,44.0,41.0,1266.0,1279.0,396.0,885.0,915.0,12.43939393939394
Chelmsford,00560000,347,96.0,1.2,0.0,0.3,2.6,0.0,89278159.4,5137.8,17376.8,99650306.34,5345.8,18640.78,34325324.0,90640.0,378.7,95.4,8.2,29.2,9.0,1.9,14.0,865.0,92.5,13.3,372.0,394.0,376.0,392.0,427.0,346.0,359.0,403.0,404.0,251.0,234.0,219.0,236.0,4413.0,503.0,501.0,504.0,281.0,285.0,104.0,12.0,12.0,13.0,1354.0,1209.0,462.0,57.0,51.0,60.0,1073.0,924.0,358.0,45.0,39.0,46.0,256.0,256.0,68.0,11.0,11.0,9.0,99.0,99.0,99.0,762.0,912.0,246.0,32.0,38.0,32.0,54.0,48.0,2372.0,2377.0,776.0,1892.0,1899.0,12.717579250720462
KIPP Academy Lynn Charter (District),04290000,126,97.6,0.8,0.0,0.0,1.6,0.0,34246623.48,1613.1,21229.92,34246623.48,1613.1,21229.92,10688100.0,93799.0,116.4,93.6,11.6,45.4,17.3,3.7,2.2,300.0,91.5,16.0,124.0,124.0,122.0,125.0,126.0,131.0,128.0,127.0,128.0,114.0,113.0,39.0,64.0,1465.0,487.0,489.0,483.0,12.0,21.0,2.0,2.0,3.0,1.0,192.0,225.0,44.0,26.0,30.0,18.0,180.0,204.0,42.0,24.0,27.0,17.0,146.0,124.0,57.0,20.0,17.0,23.0,100.0,100.0,99.0,408.0,395.0,146.0,55.0,53.0,59.0,51.0,47.0,746.0,744.0,247.0,615.0,613.0,11.626984126984127
Academy Of the Pacific Rim Charter Public (District),04120000,43,97.7,0.0,0.0,0.0,2.3,0.0,13577682.67,452.6,29997.97,13577682.67,452.6,29997.97,4585654.0,87517.0,54.6,92.5,13.1,50.8,24.1,6.1,24.9,113.0,94.4,10.0,,,,,,42.0,60.0,78.0,72.0,84.0,59.0,22.0,26.0,443.0,478.0,478.0,479.0,1.0,3.0,1.0,0.0,1.0,1.0,34.0,35.0,12.0,14.0,14.0,11.0,33.0,32.0,11.0,13.0,13.0,10.0,82.0,102.0,36.0,33.0,41.0,32.0,98.0,98.0,98.0,133.0,111.0,64.0,53.0,45.0,57.0,42.0,43.0,249.0,248.0,112.0,217.0,219.0,10.30232558139535
Foxborough Regional Charter (District),04460000,86,96.5,1.2,0.0,0.0,2.3,0.0,25616096.59,1508.3,16982.97,25616096.59,1508.3,16982.97,7673004.0,65000.0,117.0,94.9,9.0,34.6,10.6,2.6,24.4,240.0,91.1,16.1,98.0,129.0,139.0,133.0,143.0,133.0,124.0,110.0,106.0,47.0,19.0,14.0,30.0,1225.0,486.0,485.0,484.0,16.0,15.0,4.0,2.0,2.0,2.0,195.0,159.0,56.0,26.0,21.0,24.0,179.0,144.0,52.0,24.0,19.0,22.0,184.0,187.0,64.0,25.0,25.0,27.0,100.0,100.0,99.0,363.0,395.0,114.0,49.0,53.0,49.0,45.0,50.0,742.0,741.0,234.0,577.0,577.0,14.244186046511627
Northampton-Smith Vocational Agricultural,04060000,145,96.6,0.7,0.0,0.7,1.4,0.7,17625381.38,561.4,31395.1,17625381.38,561.4,31395.1,5077778.0,79340.0,64.0,95.0,8.9,35.0,8.8,1.7,15.0,107.0,90.7,18.2,,,,,,,,,,149.0,149.0,6.0,23.0,327.0,,,,,,,,,,,,,,,,,,,,,,,,,,,,,,,,,,,,,,,,,,,,2.2551724137931033
Collegiate Charter School of Lowell (District),35030000,58,82.8,1.7,0.0,1.7,13.8,0.0,17262190.3,1194.0,14457.32,17262190.3,1194.0,14457.32,4529802.0,60616.0,81.2,94.7,9.3,35.7,13.3,1.9,16.7,220.0,92.1,15.1,77.0,97.0,113.0,120.0,90.0,100.0,112.0,112.0,107.0,61.0,0.0,35.0,40.0,1064.0,486.0,483.0,481.0,26.0,15.0,6.0,4.0,2.0,3.0,168.0,126.0,45.0,27.0,20.0,22.0,142.0,111.0,39.0,23.0,18.0,19.0,158.0,160.0,64.0,25.0,25.0,31.0,99.0,100.0,100.0,305.0,348.0,97.0,48.0,55.0,47.0,53.0,44.0,631.0,634.0,206.0,508.0,510.0,18.344827586206897
Haverhill,01280000,549,86.7,4.7,0.4,0.4,7.8,0.0,157025892.0,7996.0,19638.11,177517005.2,8721.9,20353.02,57438522.0,85921.0,668.5,91.4,14.7,52.6,27.2,9.4,43.2,1400.0,93.8,10.9,595.0,578.0,595.0,592.0,591.0,592.0,610.0,659.0,649.0,337.0,352.0,286.0,369.0,6805.0,486.0,488.0,486.0,104.0,148.0,40.0,3.0,4.0,3.0,1006.0,1057.0,340.0,28.0,29.0,29.0,902.0,909.0,300.0,25.0,25.0,25.0,982.0,899.0,308.0,27.0,25.0,26.0,98.0,98.0,96.0,1613.0,1651.0,535.0,45.0,46.0,45.0,49.0,52.0,3601.0,3607.0,1183.0,2737.0,2759.0,12.395264116575593
TEC Connections Academy Commonwealth Virtual School District,39020000,681,45.7,12.9,0.3,6.6,34.2,0.3,26758228.7,2936.9,9111.01,26758228.7,2936.9,9111.01,10329982.0,135921.0,125.5,89.6,15.5,43.2,37.5,22.8,38.1,257.0,91.8,14.8,54.0,70.0,95.0,100.0,112.0,155.0,167.0,245.0,309.0,114.0,84.0,113.0,143.0,1761.0,486.0,480.0,487.0,43.0,14.0,21.0,4.0,1.0,5.0,273.0,197.0,119.0,28.0,20.0,29.0,230.0,183.0,98.0,23.0,19.0,24.0,253.0,358.0,111.0,26.0,36.0,27.0,94.0,94.0,92.0,465.0,433.0,180.0,47.0,44.0,44.0,45.0,42.0,991.0,988.0,410.0,551.0,540.0,2.5859030837004404
Map Academy Charter School (District),35170000,61,27.9,63.9,0.0,0.0,8.2,0.0,5852118.79,278.6,21004.7,5852118.79,278.6,21004.7,1765154.0,68040.0,25.1,42.9,90.4,96.8,95.0,86.9,0.0,34.0,96.7,6.4,,,,,,,,,,20.0,23.0,19.0,14.0,76.0,,,,,,,,,,,,,,,,,,,,,,,,,,,,,,,,,,,,,,,,,,,,1.2459016393442623
Somerset Berkley Regional School District,07630000,222,93.7,3.2,0.5,0.0,2.7,0.0,18347588.76,940.3,19511.56,21196129.2,991.2,21383.88,7135577.0,91835.0,77.7,92.9,12.3,45.4,14.8,5.3,39.4,148.0,93.9,11.4,,,,,,,,,,110.0,110.0,146.0,157.0,523.0,,,,,,,,,,,,,,,,,,,,,,,,,,,,,,,,,,,,,,,,,,,,2.355855855855856
Northboro-Southboro,07300000,299,97.7,1.3,0.0,0.0,1.0,0.0,28851814.85,1193.4,24175.81,30743960.55,1227.7,25042.75,11101344.0,102790.0,108.0,93.5,11.6,46.1,17.8,3.6,7.9,233.0,93.0,12.9,,,,,,,,,,166.0,153.0,77.0,122.0,518.0,,,,,,,,,,,,,,,,,,,,,,,,,,,,,,,,,,,,,,,,,,,,1.7324414715719063
Ma Academy for Math and Science,04680000,49,100.0,0.0,0.0,0.0,0.0,0.0,,,,,,,,,,98.0,3.5,6.1,0.0,0.0,1.0,10.0,98.3,3.4,,,,,,,,,,,,0.0,15.0,15.0,,,,,,,,,,,,,,,,,,,,,,,,,,,,,,,,,,,,,,,,,,,,0.30612244897959184
Pentucket,07450000,154,98.1,0.6,0.0,0.0,1.3,0.0,43293083.0,2230.3,19411.67,49110801.46,2369.8,20723.55,15450261.0,83787.0,184.4,94.3,10.0,39.0,12.3,2.8,5.6,353.0,95.4,8.5,164.0,174.0,180.0,205.0,148.0,188.0,176.0,169.0,81.0,107.0,109.0,82.0,78.0,1861.0,498.0,500.0,499.0,71.0,86.0,31.0,7.0,8.0,9.0,499.0,520.0,168.0,48.0,50.0,49.0,428.0,434.0,137.0,41.0,41.0,40.0,131.0,124.0,35.0,13.0,12.0,10.0,99.0,99.0,98.0,415.0,406.0,140.0,40.0,39.0,41.0,47.0,50.0,1045.0,1050.0,343.0,807.0,810.0,12.084415584415584
Ralph C Mahar,07550000,83,80.7,4.8,0.0,2.4,12.0,0.0,14520236.0,500.0,29040.47,17433538.01,621.8,28036.16,4530419.0,77048.0,58.8,92.7,12.4,40.8,17.7,8.2,0.0,100.0,92.7,13.7,,,,,,,,66.0,77.0,75.0,72.0,54.0,61.0,405.0,481.0,488.0,486.0,1.0,7.0,4.0,0.0,4.0,4.0,42.0,50.0,20.0,21.0,26.0,21.0,41.0,43.0,16.0,20.0,22.0,17.0,65.0,41.0,24.0,32.0,21.0,25.0,96.0,93.0,92.0,94.0,105.0,51.0,47.0,54.0,54.0,39.0,59.0,201.0,196.0,95.0,171.0,168.0,4.879518072289157
Pioneer Valley,07500000,37,97.3,0.0,0.0,0.0,2.7,0.0,15965345.0,580.7,27491.43,17302912.1,664.5,26037.17,4394007.0,75628.0,58.1,94.6,9.3,37.3,11.9,2.2,7.9,152.0,90.8,16.8,38.0,36.0,41.0,50.0,48.0,38.0,47.0,56.0,39.0,33.0,13.0,13.0,32.0,484.0,492.0,489.0,497.0,15.0,6.0,6.0,5.0,2.0,6.0,105.0,92.0,44.0,35.0,31.0,47.0,90.0,86.0,38.0,30.0,29.0,41.0,51.0,54.0,14.0,17.0,18.0,15.0,96.0,95.0,98.0,142.0,147.0,35.0,48.0,50.0,38.0,49.0,47.0,298.0,293.0,93.0,231.0,228.0,13.08108108108108
Triton,07730000,156,92.9,3.8,0.0,0.0,3.2,0.0,51640424.0,2113.3,24436.24,57570898.28,2312.3,24897.55,20811130.0,98538.0,211.2,93.7,11.0,41.9,15.3,3.3,28.7,417.0,95.2,8.8,148.0,161.0,167.0,168.0,133.0,180.0,154.0,146.0,151.0,94.0,79.0,62.0,81.0,1724.0,499.0,500.0,501.0,82.0,74.0,37.0,9.0,8.0,11.0,474.0,472.0,174.0,50.0,50.0,53.0,392.0,398.0,137.0,42.0,42.0,42.0,114.0,84.0,37.0,12.0,9.0,11.0,99.0,99.0,98.0,353.0,385.0,119.0,38.0,41.0,36.0,54.0,55.0,941.0,941.0,330.0,728.0,729.0,11.051282051282051
Pioneer Valley Chinese Immersion Charter (District),04970000,34,100.0,0.0,0.0,0.0,0.0,0.0,11121708.7,547.9,20297.31,11121708.7,547.9,20297.31,4941356.0,74657.0,65.1,95.6,7.7,28.4,9.0,1.9,5.3,124.0,95.3,8.1,44.0,44.0,44.0,44.0,44.0,44.0,62.0,49.0,53.0,50.0,38.0,7.0,4.0,527.0,507.0,509.0,512.0,57.0,64.0,21.0,20.0,22.0,22.0,181.0,181.0,71.0,62.0,62.0,74.0,124.0,117.0,50.0,42.0,40.0,52.0,23.0,16.0,4.0,8.0,5.0,4.0,99.0,100.0,99.0,88.0,97.0,21.0,30.0,33.0,22.0,60.0,69.0,292.0,294.0,96.0,243.0,244.0,15.5
Pioneer Charter School of Science (District),04940000,53,100.0,0.0,0.0,0.0,0.0,0.0,14572577.11,780.0,18682.31,14572577.11,780.0,18682.31,6016494.0,82927.0,71.2,95.7,8.0,34.5,5.5,0.4,13.0,105.0,96.9,3.4,65.0,63.0,63.0,63.0,63.0,64.0,64.0,63.0,63.0,0.0,2.0,27.0,41.0,641.0,506.0,511.0,509.0,56.0,82.0,25.0,15.0,22.0,20.0,235.0,261.0,85.0,62.0,69.0,67.0,179.0,179.0,60.0,47.0,47.0,48.0,34.0,22.0,9.0,9.0,6.0,7.0,100.0,100.0,100.0,109.0,95.0,32.0,29.0,25.0,25.0,58.0,60.0,378.0,378.0,126.0,307.0,306.0,12.09433962264151
Seekonk,02650000,154,96.8,1.3,0.0,0.6,1.3,0.0,38476325.8,2059.8,18679.84,42888870.29,2118.5,20244.86,16173090.0,91219.0,177.3,95.0,8.8,33.1,10.6,1.6,10.4,330.0,92.9,12.5,160.0,145.0,159.0,163.0,177.0,170.0,151.0,169.0,154.0,96.0,92.0,71.0,114.0,1821.0,500.0,501.0,502.0,84.0,74.0,29.0,8.0,7.0,8.0,501.0,535.0,182.0,49.0,52.0,53.0,417.0,461.0,153.0,41.0,45.0,45.0,118.0,86.0,24.0,12.0,8.0,7.0,100.0,100.0,100.0,403.0,400.0,137.0,39.0,39.0,40.0,52.0,51.0,1022.0,1021.0,343.0,809.0,806.0,11.824675324675324
Pioneer Charter School of Science II (District),35060000,44,93.2,4.5,0.0,0.0,2.3,0.0,9886932.41,565.2,17492.49,9886932.41,565.2,17492.49,4061852.0,79925.0,49.0,94.8,9.5,38.4,9.6,1.4,16.7,80.0,99.1,1.4,54.0,50.0,51.0,53.0,52.0,,,74.0,73.0,0.0,1.0,20.0,28.0,456.0,506.0,512.0,501.0,36.0,46.0,5.0,15.0,19.0,7.0,153.0,181.0,41.0,62.0,74.0,56.0,117.0,135.0,36.0,48.0,55.0,49.0,15.0,14.0,4.0,6.0,6.0,5.0,100.0,100.0,100.0,77.0,50.0,28.0,31.0,20.0,38.0,67.0,74.0,245.0,245.0,73.0,173.0,174.0,10.363636363636363
Nauset,06600000,206,96.1,2.9,0.0,0.0,1.0,0.0,35164389.0,1211.1,29035.35,41798584.78,1411.6,29611.16,12793308.0,101454.0,126.1,93.3,11.8,48.6,18.3,3.7,43.5,235.0,96.3,6.5,,,,,,,150.0,116.0,144.0,110.0,104.0,80.0,102.0,806.0,500.0,493.0,497.0,47.0,15.0,6.0,10.0,3.0,4.0,237.0,154.0,76.0,52.0,34.0,44.0,190.0,139.0,70.0,42.0,31.0,41.0,53.0,59.0,14.0,12.0,13.0,8.0,98.0,98.0,98.0,163.0,240.0,81.0,36.0,53.0,47.0,52.0,41.0,453.0,453.0,171.0,417.0,416.0,3.912621359223301
Excel Academy Charter (District),04100000,163,95.1,2.5,0.6,0.0,1.8,0.0,33003626.0,1361.6,24238.68,33003626.0,1361.6,24238.68,10552689.0,81966.0,130.1,93.3,12.3,49.2,19.8,3.8,0.6,275.0,94.4,10.8,,,,,,173.0,176.0,174.0,170.0,75.0,57.0,36.0,28.0,889.0,502.0,500.0,490.0,89.0,68.0,10.0,13.0,10.0,3.0,385.0,333.0,113.0,55.0,48.0,33.0,296.0,265.0,103.0,43.0,38.0,30.0,76.0,67.0,53.0,11.0,10.0,15.0,100.0,100.0,100.0,233.0,293.0,178.0,34.0,42.0,52.0,71.0,70.0,694.0,693.0,344.0,670.0,668.0,5.45398773006135
Holliston,01360000,206,95.1,3.9,0.0,0.0,1.0,0.0,46206138.4,2740.7,16859.28,54683822.49,2861.4,19110.65,20062878.0,94950.0,211.3,94.8,9.2,35.1,10.5,2.0,26.9,478.0,93.3,11.9,141.0,171.0,200.0,240.0,204.0,208.0,176.0,213.0,216.0,147.0,128.0,145.0,158.0,2347.0,503.0,505.0,505.0,137.0,168.0,50.0,11.0,13.0,12.0,733.0,757.0,275.0,57.0,59.0,65.0,596.0,589.0,225.0,47.0,46.0,53.0,133.0,105.0,32.0,10.0,8.0,8.0,99.0,99.0,97.0,410.0,415.0,118.0,32.0,32.0,28.0,56.0,55.0,1276.0,1277.0,425.0,1000.0,1004.0,11.393203883495145
Pioneer Valley Performing Arts Charter Public (District),04790000,69,94.2,0.0,0.0,1.4,4.3,0.0,7441103.74,404.6,18391.26,7441103.74,404.6,18391.26,2519916.0,60151.0,43.3,90.1,16.3,63.1,35.0,11.9,3.4,87.0,92.1,13.9,,,,,,,,74.0,72.0,59.0,66.0,67.0,65.0,403.0,491.0,482.0,490.0,6.0,0.0,0.0,4.0,0.0,0.0,53.0,22.0,23.0,37.0,16.0,33.0,47.0,22.0,23.0,33.0,16.0,33.0,22.0,37.0,12.0,15.0,26.0,17.0,100.0,99.0,99.0,67.0,82.0,35.0,47.0,58.0,50.0,43.0,30.0,142.0,141.0,70.0,112.0,111.0,5.840579710144928
Malden,01650000,528,85.2,5.3,0.0,0.4,9.1,0.0,127616493.0,6272.2,20346.48,151003339.7,7014.3,21528.02,49513196.0,106848.0,463.4,92.0,13.2,45.1,25.8,9.1,35.3,901.0,91.9,14.5,448.0,472.0,432.0,499.0,465.0,462.0,491.0,462.0,501.0,168.0,192.0,222.0,231.0,5045.0,489.0,490.0,487.0,178.0,173.0,41.0,7.0,6.0,5.0,926.0,901.0,276.0,34.0,34.0,31.0,748.0,728.0,235.0,28.0,27.0,27.0,762.0,648.0,250.0,28.0,24.0,28.0,99.0,99.0,99.0,1006.0,1138.0,358.0,37.0,42.0,40.0,53.0,53.0,2694.0,2687.0,884.0,1938.0,1983.0,9.554924242424242
Franklin,01010000,393,97.7,2.0,0.0,0.0,0.3,0.0,84383185.95,4672.3,18060.2,99659684.01,5133.5,19413.67,35291269.0,92192.0,382.8,94.7,9.3,34.9,11.8,2.6,23.0,773.0,94.1,10.6,315.0,321.0,315.0,322.0,328.0,315.0,369.0,339.0,370.0,275.0,268.0,146.0,159.0,3842.0,503.0,505.0,501.0,233.0,293.0,64.0,11.0,14.0,9.0,1176.0,1219.0,384.0,57.0,59.0,55.0,943.0,926.0,320.0,46.0,45.0,46.0,212.0,191.0,64.0,10.0,9.0,9.0,99.0,99.0,99.0,659.0,639.0,244.0,32.0,31.0,35.0,53.0,51.0,2047.0,2049.0,692.0,1623.0,1630.0,9.776081424936386
State Totals,00000000,76414,89.3,4.3,0.2,0.3,5.8,0.0,19453875893.0,867936.7,22413.93,22003229656.0,949843.6,23165.11,7065457313.0,91014.0,77630.3,93.2,11.9,44.4,18.8,5.2,23.0,159653.0,93.4,11.9,57742.0,63527.0,64732.0,66932.0,65268.0,66336.0,64766.0,63972.0,62655.0,40643.0,37056.0,33566.0,36086.0,723263.0,494.0,494.0,494.0,28755.0,31114.0,10126.0,7.0,8.0,8.0,164587.0,161477.0,54794.0,42.0,41.0,42.0,135832.0,130363.0,44668.0,34.0,33.0,34.0,78297.0,74459.0,25601.0,20.0,19.0,19.0,99.0,99.0,98.0,153425.0,160412.0,51616.0,39.0,40.0,39.0,50.0,50.0,396309.0,396348.0,132011.0,310450.0,312253.0,9.465058758866176
Pittsfield,02360000,437,79.2,6.4,0.2,1.4,12.8,0.0,117042517.0,4930.8,23737.16,131559242.0,5805.5,22661.25,38071003.0,74111.0,513.7,88.9,19.1,61.4,38.6,16.0,41.3,966.0,90.9,16.0,309.0,353.0,377.0,329.0,335.0,345.0,271.0,347.0,241.0,128.0,191.0,212.0,220.0,3658.0,486.0,484.0,486.0,77.0,68.0,33.0,4.0,3.0,5.0,568.0,482.0,181.0,29.0,25.0,28.0,491.0,414.0,148.0,25.0,21.0,23.0,576.0,617.0,187.0,29.0,31.0,29.0,97.0,97.0,96.0,823.0,863.0,276.0,42.0,44.0,43.0,43.0,39.0,1967.0,1962.0,644.0,1463.0,1456.0,8.37070938215103
Middleborough,01820000,223,88.8,4.5,0.0,0.0,6.7,0.0,58287141.96,2983.6,19536.17,63586845.5,3169.2,20064.07,22110568.0,103514.0,213.6,93.4,11.5,46.8,18.1,3.4,32.5,374.0,90.7,16.8,213.0,199.0,248.0,232.0,246.0,208.0,235.0,228.0,227.0,159.0,142.0,138.0,126.0,2601.0,490.0,492.0,492.0,39.0,44.0,19.0,3.0,3.0,5.0,445.0,464.0,161.0,33.0,34.0,38.0,406.0,420.0,142.0,30.0,31.0,34.0,243.0,224.0,71.0,18.0,17.0,17.0,99.0,98.0,96.0,673.0,669.0,189.0,49.0,49.0,45.0,44.0,43.0,1361.0,1357.0,421.0,1060.0,1058.0,11.663677130044842
Bristol County Agricultural,09100000,150,98.0,0.0,0.0,0.7,1.3,0.0,14560298.64,581.8,25028.21,14560298.64,581.8,25028.21,3908732.0,84240.0,46.4,93.9,10.9,44.6,15.1,3.2,13.2,95.0,94.2,10.3,,,,,,,,,,0.0,0.0,0.0,0.0,0.0,,,,,,,,,,,,,,,,,,,,,,,,,,,,,,,,,,,,,,,,,,,,0.0
Brookline,00460000,555,95.9,2.2,0.0,0.4,1.6,0.0,187685858.0,7034.0,26682.66,197687064.2,7120.0,27765.05,71183253.0,122329.0,581.9,95.0,8.7,32.9,10.8,1.8,13.5,1350.0,92.1,14.7,483.0,483.0,533.0,512.0,553.0,524.0,508.0,516.0,471.0,415.0,437.0,240.0,223.0,5898.0,510.0,512.0,509.0,567.0,679.0,185.0,19.0,23.0,20.0,2024.0,2067.0,648.0,69.0,71.0,68.0,1457.0,1388.0,463.0,50.0,48.0,49.0,192.0,201.0,70.0,7.0,7.0,7.0,99.0,99.0,99.0,704.0,651.0,229.0,24.0,22.0,24.0,60.0,61.0,2920.0,2919.0,947.0,2225.0,2275.0,10.627027027027028
New Bedford,02010000,861,79.9,5.1,0.3,0.9,13.7,0.0,292262543.5,12612.0,23173.4,336914971.4,14587.3,23096.45,91187960.0,88190.0,1034.0,92.3,13.2,50.2,24.2,7.3,38.8,2260.0,94.8,9.5,1035.0,1077.0,1095.0,1072.0,1055.0,910.0,829.0,875.0,923.0,745.0,474.0,488.0,414.0,10992.0,481.0,481.0,480.0,106.0,121.0,15.0,2.0,2.0,1.0,1236.0,1084.0,308.0,22.0,19.0,17.0,1130.0,963.0,293.0,20.0,17.0,16.0,1952.0,1923.0,607.0,34.0,34.0,34.0,99.0,99.0,98.0,2486.0,2662.0,872.0,44.0,47.0,49.0,45.0,42.0,5674.0,5669.0,1787.0,4112.0,4138.0,12.766550522648084
Millbury,01860000,128,93.8,2.3,0.0,0.8,3.1,0.0,33148289.8,1658.1,19991.2,36539063.61,1746.8,20917.87,12119958.0,92660.0,130.8,94.1,10.5,41.6,14.6,3.3,27.2,308.0,94.0,10.4,110.0,109.0,135.0,126.0,103.0,131.0,100.0,114.0,90.0,68.0,90.0,77.0,103.0,1356.0,492.0,494.0,493.0,21.0,40.0,7.0,3.0,6.0,3.0,266.0,279.0,94.0,38.0,39.0,39.0,245.0,239.0,87.0,35.0,34.0,36.0,121.0,114.0,32.0,17.0,16.0,13.0,99.0,99.0,98.0,320.0,314.0,116.0,45.0,44.0,48.0,44.0,47.0,707.0,707.0,242.0,539.0,544.0,10.59375
Watertown,03140000,209,87.6,4.8,0.0,0.0,7.7,0.0,69656249.91,2735.4,25465.0,78308297.15,2855.0,27428.27,26633054.0,100692.0,264.5,93.7,11.0,37.5,15.6,4.3,16.6,600.0,92.2,14.1,241.0,232.0,195.0,237.0,193.0,207.0,198.0,197.0,184.0,154.0,112.0,85.0,101.0,2336.0,496.0,498.0,499.0,93.0,110.0,46.0,8.0,9.0,12.0,576.0,583.0,203.0,48.0,48.0,51.0,483.0,473.0,157.0,40.0,39.0,40.0,201.0,180.0,65.0,17.0,15.0,16.0,99.0,99.0,99.0,433.0,446.0,128.0,36.0,37.0,32.0,52.0,54.0,1210.0,1209.0,396.0,897.0,909.0,11.177033492822966
Southeastern Regional Vocational Technical,08720000,385,99.5,0.0,0.0,0.0,0.5,0.0,39916984.0,1564.8,25508.78,39921984.0,1565.8,25495.68,13266845.0,102844.0,129.0,95.2,8.4,33.0,10.6,1.5,9.9,247.0,93.0,12.7,,,,,,,,,,47.0,40.0,42.0,52.0,181.0,,,,,,,,,,,,,,,,,,,,,,,,,,,,,,,,,,,,,,,,,,,,0.4701298701298701
Quaboag Regional,07780000,83,91.6,1.2,0.0,1.2,6.0,0.0,23544949.82,1116.3,21091.33,26215097.6,1250.2,20968.46,7717447.0,87499.0,88.2,92.4,13.1,51.0,24.1,6.2,20.5,227.0,93.7,11.2,61.0,66.0,70.0,102.0,81.0,88.0,81.0,101.0,89.0,41.0,38.0,59.0,57.0,934.0,486.0,488.0,485.0,12.0,11.0,2.0,2.0,2.0,1.0,137.0,165.0,47.0,26.0,31.0,27.0,125.0,154.0,45.0,23.0,29.0,26.0,130.0,118.0,45.0,24.0,22.0,26.0,99.0,99.0,99.0,270.0,253.0,81.0,50.0,47.0,47.0,40.0,42.0,537.0,536.0,173.0,416.0,417.0,11.25301204819277
Westwood,03350000,210,98.6,0.5,0.0,0.0,1.0,0.0,69851141.0,2871.6,24325.19,73053086.45,2904.0,25155.97,26946312.0,113220.0,238.0,95.5,7.9,26.2,7.4,1.6,6.9,534.0,94.5,9.9,203.0,235.0,214.0,226.0,233.0,190.0,235.0,224.0,205.0,184.0,168.0,89.0,131.0,2537.0,513.0,513.0,514.0,293.0,293.0,99.0,22.0,22.0,25.0,940.0,950.0,301.0,71.0,72.0,76.0,647.0,657.0,202.0,49.0,50.0,51.0,80.0,86.0,19.0,6.0,7.0,5.0,99.0,100.0,100.0,295.0,283.0,77.0,22.0,21.0,19.0,56.0,53.0,1315.0,1319.0,397.0,1046.0,1051.0,12.08095238095238
Hingham,01310000,272,94.9,3.3,0.0,0.0,1.5,0.4,75344741.06,3679.1,20479.31,81645281.89,3738.8,21837.4,32935922.0,107109.0,307.5,95.7,7.8,28.2,6.1,1.0,10.2,622.0,93.6,11.8,258.0,251.0,304.0,289.0,274.0,299.0,275.0,198.0,169.0,109.0,86.0,70.0,100.0,2682.0,515.0,511.0,512.0,386.0,285.0,115.0,23.0,17.0,21.0,1265.0,1161.0,408.0,76.0,70.0,74.0,879.0,876.0,293.0,53.0,53.0,53.0,59.0,63.0,16.0,4.0,4.0,3.0,99.0,99.0,99.0,335.0,434.0,131.0,20.0,26.0,24.0,57.0,51.0,1659.0,1658.0,555.0,1316.0,1320.0,9.860294117647058
East Longmeadow,00870000,176,97.2,1.1,0.0,0.6,1.1,0.0,48664400.34,2502.7,19444.76,53179205.82,2599.8,20454.97,17194359.0,85672.0,200.7,95.9,7.1,24.2,6.3,0.9,0.2,438.0,97.9,3.6,152.0,156.0,168.0,194.0,185.0,202.0,154.0,197.0,188.0,74.0,75.0,114.0,76.0,1935.0,496.0,498.0,498.0,61.0,76.0,36.0,5.0,7.0,9.0,518.0,542.0,195.0,45.0,46.0,49.0,457.0,466.0,159.0,39.0,40.0,40.0,164.0,153.0,52.0,14.0,13.0,13.0,99.0,99.0,99.0,482.0,471.0,151.0,41.0,40.0,38.0,54.0,54.0,1164.0,1166.0,398.0,939.0,939.0,10.994318181818182
Marlborough,01700000,300,90.7,4.7,0.0,0.0,4.7,0.0,96901700.65,4810.9,20141.95,113364998.1,5571.9,20345.8,35783645.0,87213.0,410.3,92.8,12.1,50.7,22.2,5.3,33.4,811.0,93.3,12.1,448.0,454.0,430.0,463.0,456.0,436.0,394.0,313.0,328.0,178.0,178.0,184.0,208.0,4470.0,482.0,484.0,482.0,69.0,62.0,20.0,3.0,3.0,3.0,563.0,506.0,162.0,26.0,23.0,23.0,494.0,444.0,142.0,22.0,20.0,20.0,732.0,644.0,251.0,33.0,29.0,35.0,99.0,100.0,99.0,904.0,1049.0,295.0,41.0,48.0,42.0,48.0,50.0,2199.0,2199.0,708.0,1576.0,1593.0,14.9
Reading,02460000,265,98.1,1.1,0.0,0.0,0.8,0.0,72904178.18,3842.4,18973.8,79157531.4,3933.5,20123.77,28709271.0,96405.0,297.8,95.2,8.4,31.1,8.1,1.4,0.1,659.0,93.8,11.3,241.0,312.0,287.0,305.0,268.0,346.0,308.0,292.0,271.0,165.0,197.0,95.0,116.0,3203.0,507.0,507.0,505.0,268.0,266.0,97.0,15.0,15.0,16.0,1164.0,1163.0,374.0,65.0,65.0,61.0,896.0,897.0,277.0,50.0,50.0,45.0,127.0,124.0,49.0,7.0,7.0,8.0,99.0,99.0,99.0,505.0,508.0,192.0,28.0,28.0,31.0,53.0,56.0,1796.0,1795.0,615.0,1444.0,1442.0,12.086792452830188
Douglas,00770000,65,98.5,1.5,0.0,0.0,0.0,0.0,20986631.32,1130.0,18571.97,23761987.83,1206.6,19693.63,7816806.0,80255.0,97.4,94.0,10.5,47.8,11.9,1.3,20.9,196.0,92.8,13.9,87.0,73.0,79.0,84.0,72.0,100.0,91.0,85.0,108.0,25.0,32.0,31.0,33.0,900.0,496.0,495.0,495.0,35.0,22.0,6.0,7.0,4.0,3.0,234.0,215.0,83.0,43.0,40.0,40.0,199.0,193.0,77.0,37.0,36.0,37.0,75.0,55.0,29.0,14.0,10.0,14.0,99.0,100.0,100.0,229.0,269.0,96.0,43.0,50.0,46.0,50.0,53.0,538.0,539.0,208.0,439.0,439.0,13.846153846153847
Waltham,03080000,542,74.5,6.6,1.8,0.2,16.8,0.0,146930813.3,5730.7,25639.04,156358127.3,5922.1,26402.48,53812563.0,97434.0,552.3,93.4,11.2,40.7,18.8,5.5,34.9,1059.0,92.7,13.2,450.0,421.0,446.0,431.0,420.0,430.0,403.0,439.0,421.0,299.0,334.0,254.0,191.0,4939.0,493.0,494.0,488.0,202.0,159.0,48.0,8.0,6.0,6.0,1016.0,972.0,251.0,41.0,39.0,30.0,814.0,813.0,203.0,33.0,33.0,25.0,531.0,466.0,208.0,21.0,19.0,25.0,99.0,99.0,99.0,939.0,1042.0,365.0,38.0,42.0,44.0,57.0,57.0,2486.0,2480.0,824.0,1887.0,1893.0,9.112546125461254
Lenox,01520000,60,95.0,1.7,0.0,0.0,3.3,0.0,18656117.0,779.1,23945.22,19606638.7,814.1,24084.74,6934381.0,84669.0,81.9,93.8,11.0,47.7,15.7,1.7,1.9,153.0,93.6,11.7,45.0,52.0,54.0,49.0,55.0,57.0,67.0,58.0,60.0,51.0,27.0,29.0,28.0,632.0,506.0,503.0,499.0,44.0,36.0,2.0,13.0,10.0,2.0,215.0,197.0,58.0,62.0,57.0,49.0,171.0,161.0,56.0,49.0,46.0,47.0,24.0,21.0,10.0,7.0,6.0,8.0,99.0,99.0,98.0,108.0,130.0,50.0,31.0,37.0,42.0,51.0,48.0,347.0,348.0,118.0,280.0,280.0,10.533333333333333
Lunenburg,01620000,101,96.0,1.0,0.0,0.0,3.0,0.0,26914321.89,1580.5,17028.81,29576884.93,1680.4,17601.06,11273905.0,98894.0,114.0,94.4,9.8,40.3,12.6,2.9,10.2,264.0,93.7,11.7,117.0,106.0,116.0,127.0,109.0,115.0,155.0,112.0,122.0,26.0,82.0,107.0,81.0,1375.0,497.0,497.0,499.0,32.0,30.0,13.0,4.0,4.0,6.0,332.0,335.0,111.0,46.0,46.0,48.0,300.0,305.0,98.0,41.0,42.0,43.0,67.0,70.0,21.0,9.0,10.0,9.0,99.0,99.0,99.0,325.0,320.0,98.0,45.0,44.0,43.0,53.0,52.0,724.0,725.0,230.0,568.0,572.0,13.613861386138614
Georgetown,01050000,66,93.9,1.5,1.5,1.5,1.5,0.0,23744864.0,1257.4,18884.35,26341120.22,1311.2,20089.97,8913068.0,126247.0,70.6,94.3,9.9,40.0,13.2,2.0,26.7,207.0,94.7,9.1,100.0,84.0,98.0,91.0,92.0,99.0,100.0,100.0,83.0,43.0,62.0,43.0,57.0,1052.0,494.0,495.0,499.0,22.0,29.0,16.0,4.0,5.0,9.0,230.0,226.0,82.0,40.0,40.0,46.0,208.0,197.0,66.0,37.0,35.0,37.0,80.0,77.0,23.0,14.0,14.0,13.0,99.0,99.0,97.0,259.0,266.0,75.0,46.0,47.0,42.0,40.0,38.0,569.0,569.0,180.0,459.0,460.0,15.93939393939394
Lowell Middlesex Academy Charter (District),04580000,47,38.3,36.2,0.0,4.3,21.3,0.0,2043689.0,112.0,18252.11,2043689.0,112.0,18252.11,848073.0,113091.0,6.9,51.0,70.4,96.9,91.9,80.0,0.0,16.0,93.1,12.4,,,,,,,,,,5.0,18.0,14.0,14.0,51.0,,,,,,,,,,,,,,,,,,,,,,,,,,,,,,,,,,,,,,,,,,,,1.0851063829787233
Hopedale,01380000,62,96.8,0.0,0.0,0.0,3.2,0.0,20544144.0,1114.1,18440.49,22235656.88,1160.2,19165.7,7353889.0,75040.0,98.0,94.5,9.7,33.7,10.4,3.1,12.1,208.0,94.2,10.4,80.0,75.0,82.0,81.0,79.0,81.0,83.0,83.0,81.0,17.0,75.0,51.0,41.0,909.0,497.0,499.0,499.0,31.0,27.0,13.0,6.0,6.0,8.0,229.0,246.0,81.0,47.0,50.0,50.0,198.0,219.0,68.0,40.0,45.0,42.0,63.0,48.0,17.0,13.0,10.0,11.0,97.0,98.0,98.0,199.0,196.0,63.0,41.0,40.0,39.0,54.0,42.0,491.0,490.0,161.0,390.0,393.0,14.661290322580646
Dennis-Yarmouth,06450000,194,89.7,5.7,0.5,0.0,4.1,0.0,71521788.95,2976.8,24026.58,82082302.82,3477.7,23602.49,28706195.0,110664.0,259.4,92.2,13.2,49.6,24.3,6.8,12.2,584.0,95.0,9.0,211.0,242.0,270.0,226.0,240.0,262.0,269.0,227.0,227.0,149.0,134.0,151.0,136.0,2744.0,489.0,489.0,489.0,67.0,49.0,13.0,5.0,4.0,3.0,447.0,448.0,158.0,33.0,33.0,34.0,380.0,399.0,145.0,28.0,29.0,31.0,337.0,307.0,101.0,25.0,22.0,22.0,98.0,98.0,96.0,584.0,612.0,203.0,43.0,45.0,44.0,48.0,46.0,1368.0,1367.0,462.0,1043.0,1056.0,14.144329896907216
Holyoke,01370000,402,80.8,7.2,0.5,0.5,10.7,0.2,121052830.9,4898.9,24710.35,152926671.4,6164.7,24807.01,32811609.0,78553.0,417.7,87.6,20.7,65.7,42.4,17.0,53.2,1081.0,97.1,5.3,305.0,359.0,312.0,325.0,336.0,330.0,313.0,316.0,353.0,75.0,177.0,168.0,141.0,3510.0,473.0,470.0,470.0,15.0,4.0,4.0,1.0,0.0,1.0,213.0,117.0,58.0,11.0,6.0,9.0,198.0,113.0,54.0,10.0,6.0,8.0,924.0,1041.0,359.0,48.0,55.0,54.0,97.0,97.0,97.0,775.0,732.0,249.0,41.0,39.0,37.0,46.0,42.0,1912.0,1890.0,666.0,1434.0,1438.0,8.73134328358209
Abington,00010000,136,91.2,4.4,0.0,0.0,4.4,0.0,36629465.76,2142.5,17096.69,42261274.01,2287.7,18473.06,14030507.0,88409.0,158.7,93.5,11.4,47.4,17.8,3.7,23.8,302.0,93.0,12.8,147.0,177.0,173.0,183.0,197.0,173.0,178.0,156.0,162.0,61.0,87.0,53.0,66.0,1813.0,492.0,493.0,493.0,48.0,44.0,19.0,5.0,4.0,6.0,369.0,384.0,131.0,36.0,38.0,40.0,321.0,340.0,112.0,31.0,34.0,35.0,195.0,157.0,56.0,19.0,15.0,17.0,98.0,97.0,96.0,457.0,473.0,137.0,45.0,47.0,42.0,44.0,44.0,1021.0,1014.0,324.0,797.0,794.0,13.330882352941176
Quincy,02430000,802,93.9,3.2,0.0,0.2,2.6,0.0,198270671.6,9787.7,20257.11,220394539.5,10093.8,21834.54,72023002.0,94955.0,758.5,94.4,9.7,35.1,15.6,4.1,27.6,1344.0,94.2,10.5,665.0,674.0,745.0,695.0,734.0,715.0,768.0,738.0,740.0,343.0,277.0,224.0,205.0,7523.0,496.0,496.0,496.0,374.0,372.0,125.0,9.0,9.0,9.0,1964.0,1821.0,643.0,46.0,42.0,45.0,1590.0,1449.0,518.0,37.0,34.0,36.0,773.0,743.0,239.0,18.0,17.0,17.0,99.0,99.0,99.0,1548.0,1721.0,539.0,36.0,40.0,38.0,54.0,52.0,4285.0,4285.0,1421.0,3268.0,3322.0,9.380299251870325
Acton-Boxborough,06000000,408,94.4,3.4,0.0,0.2,2.0,0.0,107572842.4,5134.3,20951.62,117221796.1,5256.5,22300.21,39734669.0,100138.0,396.8,94.8,9.2,35.4,10.9,1.8,0.0,847.0,94.0,11.1,297.0,364.0,345.0,379.0,355.0,384.0,402.0,386.0,381.0,278.0,228.0,117.0,125.0,4041.0,508.0,511.0,510.0,376.0,536.0,158.0,16.0,23.0,20.0,1537.0,1578.0,542.0,67.0,69.0,70.0,1161.0,1042.0,384.0,51.0,45.0,50.0,162.0,159.0,52.0,7.0,7.0,7.0,99.0,99.0,98.0,593.0,558.0,179.0,26.0,24.0,23.0,57.0,64.0,2292.0,2295.0,773.0,1817.0,1824.0,9.904411764705882
Nashoba,07250000,206,94.2,3.9,0.0,0.5,1.5,0.0,64905773.01,3039.8,21351.68,69069475.13,3179.7,21722.26,23745657.0,96175.0,246.9,95.0,8.9,34.9,10.1,1.7,11.9,482.0,94.1,11.0,199.0,221.0,221.0,255.0,244.0,216.0,251.0,226.0,261.0,114.0,109.0,130.0,159.0,2606.0,503.0,504.0,502.0,157.0,156.0,48.0,11.0,11.0,10.0,847.0,866.0,269.0,58.0,60.0,56.0,690.0,710.0,221.0,47.0,49.0,46.0,121.0,115.0,43.0,8.0,8.0,9.0,100.0,100.0,100.0,489.0,473.0,166.0,34.0,33.0,35.0,52.0,55.0,1457.0,1454.0,478.0,1139.0,1142.0,12.650485436893204
Chicopee,00610000,548,88.1,1.5,0.0,1.5,8.9,0.0,156259904.9,6833.9,22865.28,169003424.0,7529.7,22444.84,55926123.0,90848.0,615.6,92.3,13.0,51.4,24.9,6.6,48.5,1350.0,92.7,13.2,454.0,442.0,389.0,435.0,488.0,524.0,383.0,222.0,248.0,280.0,338.0,304.0,365.0,4872.0,486.0,487.0,487.0,69.0,65.0,28.0,2.0,2.0,3.0,774.0,774.0,298.0,27.0,27.0,29.0,705.0,709.0,270.0,24.0,25.0,26.0,726.0,673.0,263.0,25.0,23.0,26.0,99.0,99.0,99.0,1395.0,1441.0,465.0,48.0,50.0,45.0,46.0,48.0,2895.0,2888.0,1026.0,2218.0,2225.0,8.89051094890511
Ayer Shirley School District,06160000,123,94.3,2.4,0.0,0.0,3.3,0.0,31930215.21,1703.9,18739.49,36220909.64,1905.0,19013.92,12007028.0,85887.0,139.8,94.6,9.3,35.0,13.1,2.7,0.1,294.0,93.1,11.7,136.0,121.0,155.0,161.0,113.0,140.0,141.0,131.0,138.0,81.0,86.0,65.0,96.0,1564.0,495.0,493.0,498.0,41.0,25.0,19.0,5.0,3.0,7.0,327.0,310.0,144.0,41.0,39.0,53.0,286.0,285.0,125.0,35.0,36.0,46.0,114.0,119.0,37.0,14.0,15.0,14.0,98.0,98.0,96.0,365.0,372.0,89.0,45.0,46.0,33.0,48.0,49.0,806.0,801.0,270.0,612.0,611.0,12.715447154471544
Blue Hills Regional Vocational Technical,08060000,218,98.2,1.8,0.0,0.0,0.0,0.0,24296992.03,891.8,27244.72,24296992.03,891.8,27244.72,8709279.0,106601.0,81.7,94.8,9.3,44.7,5.3,0.9,0.2,122.0,91.8,15.7,,,,,,,,,,30.0,16.0,81.0,97.0,224.0,,,,,,,,,,,,,,,,,,,,,,,,,,,,,,,,,,,,,,,,,,,,1.0275229357798166
Community Charter School of Cambridge (District),04360000,40,92.5,5.0,0.0,0.0,2.5,0.0,8270435.79,259.3,31890.32,8270435.79,259.3,31890.32,3195715.0,113259.0,30.6,94.3,9.7,36.4,18.4,3.1,35.2,74.0,94.6,10.2,,,,,,,24.0,53.0,43.0,21.0,3.0,2.0,15.0,161.0,502.0,499.0,494.0,19.0,7.0,4.0,15.0,6.0,8.0,73.0,59.0,16.0,57.0,47.0,33.0,54.0,52.0,12.0,42.0,41.0,24.0,14.0,10.0,6.0,11.0,8.0,12.0,98.0,98.0,100.0,42.0,57.0,27.0,33.0,45.0,55.0,49.0,47.0,129.0,126.0,49.0,121.0,119.0,4.025
Springfield International Charter (District),04410000,108,94.4,0.9,0.0,0.0,4.6,0.0,25273676.35,1481.3,17061.71,25273676.35,1481.3,17061.71,7439803.0,86657.0,79.1,92.8,12.6,54.4,23.0,3.9,44.7,236.0,93.9,11.1,97.0,108.0,113.0,119.0,129.0,130.0,124.0,135.0,125.0,117.0,134.0,97.0,90.0,1518.0,481.0,476.0,481.0,13.0,2.0,4.0,2.0,0.0,2.0,157.0,75.0,48.0,21.0,10.0,20.0,144.0,73.0,44.0,19.0,10.0,18.0,234.0,301.0,77.0,31.0,40.0,32.0,99.0,99.0,95.0,356.0,370.0,114.0,48.0,50.0,48.0,42.0,40.0,747.0,746.0,239.0,611.0,609.0,14.055555555555555
Webster,03160000,109,78.0,12.8,0.0,0.0,9.2,0.0,38487899.29,1691.0,22760.89,45319973.01,1975.6,22940.33,12749359.0,89344.0,142.7,92.0,13.4,53.8,27.3,7.8,22.7,314.0,91.9,14.5,135.0,128.0,153.0,139.0,138.0,149.0,135.0,142.0,159.0,66.0,75.0,63.0,83.0,1565.0,481.0,482.0,479.0,4.0,12.0,0.0,0.0,1.0,0.0,160.0,170.0,38.0,19.0,20.0,15.0,156.0,158.0,38.0,19.0,19.0,15.0,266.0,251.0,88.0,32.0,30.0,34.0,99.0,99.0,89.0,402.0,413.0,134.0,49.0,50.0,52.0,42.0,46.0,828.0,834.0,260.0,627.0,626.0,14.357798165137615
Arlington,00100000,402,96.8,2.5,0.0,0.0,0.5,0.2,120526337.6,6065.0,19872.4,126628028.0,6162.2,20549.22,46911926.0,95661.0,490.4,95.2,8.4,30.7,8.8,1.7,4.4,954.0,93.7,11.7,445.0,430.0,502.0,497.0,486.0,488.0,530.0,462.0,501.0,230.0,268.0,161.0,227.0,5227.0,512.0,510.0,515.0,578.0,519.0,250.0,20.0,18.0,26.0,2056.0,1995.0,737.0,71.0,69.0,77.0,1478.0,1476.0,487.0,51.0,51.0,51.0,159.0,157.0,34.0,5.0,5.0,4.0,99.0,99.0,98.0,682.0,742.0,191.0,24.0,26.0,20.0,61.0,56.0,2897.0,2894.0,962.0,2295.0,2298.0,13.002487562189055
Wellesley,03170000,338,95.3,4.1,0.0,0.0,0.6,0.0,115932138.7,4086.5,28369.35,124192652.3,4157.9,29869.34,43047451.0,109899.0,391.7,95.1,8.7,30.8,9.6,2.4,5.2,868.0,95.1,8.7,268.0,282.0,282.0,322.0,270.0,305.0,293.0,317.0,288.0,227.0,193.0,168.0,163.0,3378.0,514.0,514.0,515.0,425.0,416.0,163.0,24.0,23.0,27.0,1348.0,1338.0,454.0,75.0,74.0,76.0,923.0,922.0,291.0,51.0,51.0,49.0,79.0,83.0,31.0,4.0,5.0,5.0,99.0,99.0,99.0,373.0,378.0,114.0,21.0,21.0,19.0,57.0,52.0,1800.0,1799.0,599.0,1398.0,1402.0,9.994082840236686
Masconomet,07050000,223,96.9,2.2,0.0,0.0,0.9,0.0,37998869.1,1514.9,25083.05,43763601.02,1595.7,27426.47,14577270.0,111192.0,131.1,93.8,10.9,39.2,16.1,3.8,7.0,242.0,92.5,13.7,,,,,,,,268.0,286.0,162.0,111.0,109.0,72.0,1008.0,501.0,498.0,505.0,53.0,33.0,44.0,10.0,6.0,15.0,306.0,270.0,177.0,56.0,49.0,62.0,253.0,237.0,133.0,46.0,43.0,47.0,57.0,60.0,25.0,10.0,11.0,9.0,98.0,98.0,98.0,188.0,222.0,82.0,34.0,40.0,29.0,44.0,40.0,551.0,552.0,284.0,527.0,529.0,4.520179372197309
North Reading,02170000,165,97.6,1.8,0.0,0.0,0.6,0.0,47578748.01,2323.8,20474.69,51712079.31,2378.9,21737.42,19699425.0,94846.0,207.7,95.4,8.2,30.6,6.2,1.0,4.2,361.0,94.0,11.0,174.0,188.0,200.0,183.0,195.0,201.0,142.0,181.0,163.0,36.0,62.0,103.0,130.0,1958.0,511.0,510.0,517.0,170.0,162.0,115.0,16.0,15.0,31.0,780.0,748.0,290.0,72.0,69.0,78.0,610.0,586.0,175.0,56.0,54.0,47.0,41.0,45.0,11.0,4.0,4.0,3.0,99.0,99.0,99.0,261.0,290.0,69.0,24.0,27.0,19.0,59.0,52.0,1082.0,1083.0,370.0,866.0,867.0,11.866666666666667
Rising Tide Charter Public (District),04830000,56,92.9,1.8,0.0,1.8,3.6,0.0,11065680.0,617.2,17929.13,11065680.0,617.2,17929.13,3723221.0,66593.0,58.1,94.2,10.0,41.2,15.4,2.4,28.5,105.0,95.1,8.5,,,,,,92.0,94.0,94.0,95.0,63.0,55.0,49.0,50.0,592.0,503.0,502.0,500.0,46.0,35.0,15.0,13.0,10.0,8.0,198.0,201.0,88.0,54.0,55.0,49.0,152.0,166.0,73.0,42.0,46.0,40.0,20.0,17.0,12.0,5.0,5.0,7.0,98.0,98.0,98.0,148.0,146.0,81.0,40.0,40.0,45.0,55.0,61.0,366.0,364.0,181.0,338.0,338.0,10.571428571428571
